<?xml version="1.0" encoding="UTF-8"?>
<report version="1.0" kind="exception">
  <system description="Linux 6.8.0-45-generic x86_64"/>
  <modules>
    <module address="0x5b0a48a85040" size="0x2e47220"/>
    <module path="linux-vdso.so.1" address="0x7ffeba5833e0" size="0x1d0" version="1"/>
    <module path="/lib/x86_64-linux-gnu/libGL.so.1" address="0x78ffeec6d2a8" size="0x86648" version="1"/>
    <module path="/tmp/.mount_xLightBLLc4s/usr/bin/../lib/libglut.so.3" address="0x78ffeec1d2a8" size="0x4f1c8" version="3"/>
    <module path="/lib/x86_64-linux-gnu/libX11.so.6" address="0x78ffeeae02a8" size="0x13ca80" version="6"/>
    <module path="/tmp/.mount_xLightBLLc4s/usr/bin/../lib/libcurl.so.4" address="0x78ffeea362a8" size="0xa9a18" version="4"/>
    <module path="/tmp/.mount_xLightBLLc4s/usr/bin/../lib/libavformat.so.58" address="0x78ffee6002a8" size="0x29d070" version="58"/>
    <module path="/tmp/.mount_xLightBLLc4s/usr/bin/../lib/libavcodec.so.58" address="0x78ffed07b000" size="0x1392350" version="58"/>
    <module path="/tmp/.mount_xLightBLLc4s/usr/bin/../lib/libavutil.so.56" address="0x78ffecc11000" size="0x2ac918" version="56"/>
    <module path="/tmp/.mount_xLightBLLc4s/usr/bin/../lib/libswresample.so.3" address="0x78ffeea14000" size="0x1f830" version="3"/>
    <module path="/tmp/.mount_xLightBLLc4s/usr/bin/../lib/libswscale.so.5" address="0x78ffee974000" size="0x9c828" version="5"/>
    <module path="/tmp/.mount_xLightBLLc4s/usr/bin/../lib/liblog4cpp.so.5" address="0x78ffee50b2a8" size="0xf3ff8" version="5"/>
    <module path="/tmp/.mount_xLightBLLc4s/usr/bin/../lib/libSDL2-2.0.so.0" address="0x78ffeca582a8" size="0x1a7a10" version="0"/>
    <module path="/tmp/.mount_xLightBLLc4s/usr/bin/../lib/libwx_gtk3u_gl-3.3.so.0" address="0x78ffee94f2a8" size="0x20428" version="0"/>
    <module path="/tmp/.mount_xLightBLLc4s/usr/bin/../lib/libwx_gtk3u_aui-3.3.so.0" address="0x78ffee8a42a8" size="0xa9e48" version="0"/>
    <module path="/tmp/.mount_xLightBLLc4s/usr/bin/../lib/libwx_gtk3u_propgrid-3.3.so.0" address="0x78ffecedb2a8" size="0x124108" version="0"/>
    <module path="/tmp/.mount_xLightBLLc4s/usr/bin/../lib/libwx_gtk3u_html-3.3.so.0" address="0x78ffee4292a8" size="0xe1408" version="0"/>
    <module path="/tmp/.mount_xLightBLLc4s/usr/bin/../lib/libwx_gtk3u_qa-3.3.so.0" address="0x78ffeca262a8" size="0x31490" version="0"/>
    <module path="/tmp/.mount_xLightBLLc4s/usr/bin/../lib/libwx_gtk3u_core-3.3.so.0" address="0x78ffec0002a8" size="0x8d0a78" version="0"/>
    <module path="/tmp/.mount_xLightBLLc4s/usr/bin/../lib/libwx_baseu_xml-3.3.so.0" address="0x78ffee4132a8" size="0x150c8" version="0"/>
    <module path="/tmp/.mount_xLightBLLc4s/usr/bin/../lib/libwx_baseu_net-3.3.so.0" address="0x78ffec9bb2a8" size="0x6a348" version="0"/>
    <module path="/tmp/.mount_xLightBLLc4s/usr/bin/../lib/libwx_baseu-3.3.so.0" address="0x78ffebc002e0" size="0x2d7e68" version="0"/>
    <module path="/tmp/.mount_xLightBLLc4s/usr/bin/../lib/liblua5.3.so.0" address="0x78ffec97c2a8" size="0x3e020" version="0"/>
    <module path="/lib/x86_64-linux-gnu/libz.so.1" address="0x78ffecebf2a8" size="0x1adf0" version="1"/>
    <module path="/tmp/.mount_xLightBLLc4s/usr/bin/../lib/libzstd.so.1" address="0x78ffebf2c2a8" size="0xd38f0" version="1"/>
    <module path="/tmp/.mount_xLightBLLc4s/usr/bin/../lib/libwebp.so.7" address="0x78ffec90e2a8" size="0x6da28" version="7"/>
    <module path="/tmp/.mount_xLightBLLc4s/usr/bin/../lib/libwebpdemux.so.2" address="0x78ffec9072a8" size="0x6328" version="2"/>
    <module path="/lib/x86_64-linux-gnu/libstdc++.so.6" address="0x78ffeb8002e0" size="0x27be60" version="6"/>
    <module path="/lib/x86_64-linux-gnu/libm.so.6" address="0x78ffebb172a8" size="0xe7d70" version="6"/>
    <module path="/lib/x86_64-linux-gnu/libgcc_s.so.1" address="0x78ffec8da2e0" size="0x2c0c8" version="1"/>
    <module path="/lib/x86_64-linux-gnu/libc.so.6" address="0x78ffeb400040" size="0x211d50" version="6"/>
    <module path="/lib/x86_64-linux-gnu/libGLdispatch.so.0" address="0x78ffeb7482e0" size="0xb7080" version="0"/>
    <module path="/lib/x86_64-linux-gnu/libGLX.so.0" address="0x78ffebef92a8" size="0x322c0" version="0"/>
    <module path="/tmp/.mount_xLightBLLc4s/usr/bin/../lib/libXi.so.6" address="0x78ffebee42a8" size="0x14b18" version="6"/>
    <module path="/tmp/.mount_xLightBLLc4s/usr/bin/../lib/libXxf86vm.so.1" address="0x78ffec8d22a8" size="0x73e0" version="1"/>
    <module path="/lib/x86_64-linux-gnu/libxcb.so.1" address="0x78ffebaee2a8" size="0x27fe0" version="1"/>
    <module path="/tmp/.mount_xLightBLLc4s/usr/bin/../lib/libnghttp2.so.14" address="0x78ffebac22a8" size="0x2bac0" version="14"/>
    <module path="/tmp/.mount_xLightBLLc4s/usr/bin/../lib/libidn2.so.0" address="0x78ffebaa02a8" size="0x21448" version="0"/>
    <module path="/tmp/.mount_xLightBLLc4s/usr/bin/../lib/librtmp.so.1" address="0x78ffeba7f2a8" size="0x20190" version="1"/>
    <module path="/tmp/.mount_xLightBLLc4s/usr/bin/../lib/libssh.so.4" address="0x78ffeb6d62e0" size="0x715c0" version="4"/>
    <module path="/tmp/.mount_xLightBLLc4s/usr/bin/../lib/libpsl.so.5" address="0x78ffeb6c12a8" size="0x14400" version="5"/>
    <module path="/tmp/.mount_xLightBLLc4s/usr/bin/../lib/libssl.so.3" address="0x78ffeb6162a8" size="0xaa150" version="3"/>
    <module path="/tmp/.mount_xLightBLLc4s/usr/bin/../lib/libcrypto.so.3" address="0x78ffeae002a8" size="0x469bb0" version="3"/>
    <module path="/tmp/.mount_xLightBLLc4s/usr/bin/../lib/libgssapi_krb5.so.2" address="0x78ffeb3a92a8" size="0x56b40" version="2"/>
    <module path="/tmp/.mount_xLightBLLc4s/usr/bin/../lib/libldap-2.5.so.0" address="0x78ffeb3442a8" size="0x64398" version="0"/>
    <module path="/tmp/.mount_xLightBLLc4s/usr/bin/../lib/liblber-2.5.so.0" address="0x78ffeb3312a8" size="0x11df8" version="0"/>
    <module path="/tmp/.mount_xLightBLLc4s/usr/bin/../lib/libbrotlidec.so.1" address="0x78ffeb3222a8" size="0xe5a8" version="1"/>
    <module path="/tmp/.mount_xLightBLLc4s/usr/bin/../lib/libxml2.so.2" address="0x78ffeac112a8" size="0x1ee548" version="2"/>
    <module path="/tmp/.mount_xLightBLLc4s/usr/bin/../lib/libbz2.so.1.0" address="0x78ffeb30e2a8" size="0x13428" version="1.0"/>
    <module path="/tmp/.mount_xLightBLLc4s/usr/bin/../lib/libgme.so.0" address="0x78ffeb2bd2a8" size="0x508d8" version="0"/>
    <module path="/tmp/.mount_xLightBLLc4s/usr/bin/../lib/libopenmpt.so.0" address="0x78ffeaa4a2a8" size="0x1c6780" version="0"/>
    <module path="/tmp/.mount_xLightBLLc4s/usr/bin/../lib/libchromaprint.so.1" address="0x78ffeb2ad2a8" size="0xf7b0" version="1"/>
    <module path="/tmp/.mount_xLightBLLc4s/usr/bin/../lib/libbluray.so.2" address="0x78ffea9f22a8" size="0x57cf0" version="2"/>
    <module path="/tmp/.mount_xLightBLLc4s/usr/bin/../lib/libgnutls.so.30" address="0x78ffea7f82e0" size="0x1f9ad0" version="30"/>
    <module path="/tmp/.mount_xLightBLLc4s/usr/bin/../lib/librabbitmq.so.4" address="0x78ffeb2932a8" size="0x19350" version="4"/>
    <module path="/tmp/.mount_xLightBLLc4s/usr/bin/../lib/libsrt-gnutls.so.1.4" address="0x78ffea72d2a8" size="0xca5e8" version="1.4"/>
    <module path="/tmp/.mount_xLightBLLc4s/usr/bin/../lib/libssh-gcrypt.so.4" address="0x78ffea69d2e0" size="0x8f0a0" version="4"/>
    <module path="/tmp/.mount_xLightBLLc4s/usr/bin/../lib/libzmq.so.5" address="0x78ffea5ff2a8" size="0x9dcd8" version="5"/>
    <module path="/tmp/.mount_xLightBLLc4s/usr/bin/../lib/libvpx.so.7" address="0x78ffea205000" size="0x30b9a8" version="7"/>
    <module path="/tmp/.mount_xLightBLLc4s/usr/bin/../lib/libwebpmux.so.3" address="0x78ffeb2852a8" size="0xd520" version="3"/>
    <module path="/tmp/.mount_xLightBLLc4s/usr/bin/../lib/liblzma.so.5" address="0x78ffea5d22a8" size="0x2be00" version="5"/>
    <module path="/tmp/.mount_xLightBLLc4s/usr/bin/../lib/libdav1d.so.5" address="0x78ffea07b000" size="0x184670" version="5"/>
    <module path="/tmp/.mount_xLightBLLc4s/usr/bin/../lib/librsvg-2.so.2" address="0x78ffe971e000" size="0x957910" version="2"/>
    <module path="/tmp/.mount_xLightBLLc4s/usr/bin/../lib/libgobject-2.0.so.0" address="0x78ffea56c2a8" size="0x65098" version="0"/>
    <module path="/tmp/.mount_xLightBLLc4s/usr/bin/../lib/libglib-2.0.so.0" address="0x78ffe94b82a8" size="0x146fa8" version="0"/>
    <module path="/tmp/.mount_xLightBLLc4s/usr/bin/../lib/libcairo.so.2" address="0x78ffe938a2a8" size="0x12dc28" version="2"/>
    <module path="/tmp/.mount_xLightBLLc4s/usr/bin/../lib/libzvbi.so.0" address="0x78ffe92f72a8" size="0x924f0" version="0"/>
    <module path="/tmp/.mount_xLightBLLc4s/usr/bin/../lib/libsnappy.so.1" address="0x78ffeb2792a8" size="0xad98" version="1"/>
    <module path="/tmp/.mount_xLightBLLc4s/usr/bin/../lib/libaom.so.3" address="0x78ffe8c14000" size="0x55ce40" version="3"/>
    <module path="/tmp/.mount_xLightBLLc4s/usr/bin/../lib/libcodec2.so.1.0" address="0x78ffe7c002a8" size="0xeab580" version="1.0"/>
    <module path="/tmp/.mount_xLightBLLc4s/usr/bin/../lib/libgsm.so.1" address="0x78ffea55c2a8" size="0xf400" version="1"/>
    <module path="/tmp/.mount_xLightBLLc4s/usr/bin/../lib/libmp3lame.so.0" address="0x78ffe92802a8" size="0x76cb8" version="0"/>
    <module path="/tmp/.mount_xLightBLLc4s/usr/bin/../lib/libopenjp2.so.7" address="0x78ffe92272a8" size="0x58840" version="7"/>
    <module path="/tmp/.mount_xLightBLLc4s/usr/bin/../lib/libopus.so.0" address="0x78ffe91c82a8" size="0x5ea58" version="0"/>
    <module path="/tmp/.mount_xLightBLLc4s/usr/bin/../lib/libshine.so.3" address="0x78ffe7608fc0" size="0x202478" version="3"/>
    <module path="/tmp/.mount_xLightBLLc4s/usr/bin/../lib/libspeex.so.1" address="0x78ffea53d2a8" size="0x1e780" version="1"/>
    <module path="/tmp/.mount_xLightBLLc4s/usr/bin/../lib/libtheoraenc.so.1" address="0x78ffe918f2a8" size="0x382f8" version="1"/>
    <module path="/tmp/.mount_xLightBLLc4s/usr/bin/../lib/libtheoradec.so.1" address="0x78ffea51e2a8" size="0x1e738" version="1"/>
    <module path="/tmp/.mount_xLightBLLc4s/usr/bin/../lib/libtwolame.so.0" address="0x78ffe8bda2a8" size="0x25a58" version="0"/>
    <module path="/tmp/.mount_xLightBLLc4s/usr/bin/../lib/libvorbis.so.0" address="0x78ffe8bab2a8" size="0x2de10" version="0"/>
    <module path="/tmp/.mount_xLightBLLc4s/usr/bin/../lib/libvorbisenc.so.2" address="0x78ffe8aff2a8" size="0xab2b0" version="2"/>
    <module path="/tmp/.mount_xLightBLLc4s/usr/bin/../lib/libx264.so.163" address="0x78ffe7205000" size="0x2bcd28" version="163"/>
    <module path="/tmp/.mount_xLightBLLc4s/usr/bin/../lib/libx265.so.199" address="0x78ffe623c000" size="0xf4c5a8" version="199"/>
    <module path="/tmp/.mount_xLightBLLc4s/usr/bin/../lib/libxvidcore.so.4" address="0x78ffe7aee000" size="0x111568" version="4"/>
    <module path="/tmp/.mount_xLightBLLc4s/usr/bin/../lib/libva.so.2" address="0x78ffe8acd2a8" size="0x31cc0" version="2"/>
    <module path="/tmp/.mount_xLightBLLc4s/usr/bin/../lib/libmfx.so.1" address="0x78ffe917f2a8" size="0xef68" version="1"/>
    <module path="/tmp/.mount_xLightBLLc4s/usr/bin/../lib/libva-drm.so.2" address="0x78ffeb2712a8" size="0x53d8" version="2"/>
    <module path="/tmp/.mount_xLightBLLc4s/usr/bin/../lib/libva-x11.so.2" address="0x78ffea5152a8" size="0x8440" version="2"/>
    <module path="/tmp/.mount_xLightBLLc4s/usr/bin/../lib/libvdpau.so.1" address="0x78ffeb26a2a8" size="0x6628" version="1"/>
    <module path="/lib/x86_64-linux-gnu/libdrm.so.2" address="0x78ffe8ab62a8" size="0x16930" version="2"/>
    <module path="/tmp/.mount_xLightBLLc4s/usr/bin/../lib/libOpenCL.so.1" address="0x78ffe7ad82e0" size="0x13130" version="1"/>
    <module path="/tmp/.mount_xLightBLLc4s/usr/bin/../lib/libsoxr.so.0" address="0x78ffe7a702a8" size="0x67380" version="0"/>
    <module path="/lib/x86_64-linux-gnu/libasound.so.2" address="0x78ffe79662e0" size="0x109230" version="2"/>
    <module path="/tmp/.mount_xLightBLLc4s/usr/bin/../lib/libpulse.so.0" address="0x78ffe79112a8" size="0x53da8" version="0"/>
    <module path="/tmp/.mount_xLightBLLc4s/usr/bin/../lib/libXext.so.6" address="0x78ffe78fa2a8" size="0x16168" version="6"/>
    <module path="/tmp/.mount_xLightBLLc4s/usr/bin/../lib/libXcursor.so.1" address="0x78ffe91722a8" size="0xca40" version="1"/>
    <module path="/tmp/.mount_xLightBLLc4s/usr/bin/../lib/libXinerama.so.1" address="0x78ffe8ab02a8" size="0x5440" version="1"/>
    <module path="/tmp/.mount_xLightBLLc4s/usr/bin/../lib/libXfixes.so.3" address="0x78ffe78f12a8" size="0x85f8" version="3"/>
    <module path="/tmp/.mount_xLightBLLc4s/usr/bin/../lib/libXrandr.so.2" address="0x78ffe78e32a8" size="0xd958" version="2"/>
    <module path="/tmp/.mount_xLightBLLc4s/usr/bin/../lib/libXss.so.1" address="0x78ffe78dd2a8" size="0x5588" version="1"/>
    <module path="/lib/x86_64-linux-gnu/libgbm.so.1" address="0x78ffe78cc2a8" size="0x101a0" version="1"/>
    <module path="/tmp/.mount_xLightBLLc4s/usr/bin/../lib/libwayland-egl.so.1" address="0x78ffe78c62a8" size="0x51b8" version="1"/>
    <module path="/tmp/.mount_xLightBLLc4s/usr/bin/../lib/libwayland-client.so.0" address="0x78ffe78b42a8" size="0x11b90" version="0"/>
    <module path="/tmp/.mount_xLightBLLc4s/usr/bin/../lib/libwayland-cursor.so.0" address="0x78ffe78a92a8" size="0xa718" version="0"/>
    <module path="/tmp/.mount_xLightBLLc4s/usr/bin/../lib/libxkbcommon.so.0" address="0x78ffe78602a8" size="0x47db0" version="0"/>
    <module path="/tmp/.mount_xLightBLLc4s/usr/bin/../lib/libdecor-0.so.0" address="0x78ffe78552a8" size="0xaa88" version="0"/>
    <module path="/tmp/.mount_xLightBLLc4s/usr/bin/../lib/libgtk-3.so.0" address="0x78ffe58002a8" size="0x85eaa0" version="0"/>
    <module path="/tmp/.mount_xLightBLLc4s/usr/bin/../lib/libgdk-3.so.0" address="0x78ffe74ed2a8" size="0x1128e0" version="0"/>
    <module path="/lib/x86_64-linux-gnu/libEGL.so.1" address="0x78ffe78432a8" size="0x113e0" version="1"/>
    <module path="/tmp/.mount_xLightBLLc4s/usr/bin/../lib/libpangocairo-1.0.so.0" address="0x78ffe782f2a8" size="0x13738" version="0"/>
    <module path="/tmp/.mount_xLightBLLc4s/usr/bin/../lib/libpango-1.0.so.0" address="0x78ffe71922a8" size="0x6d218" version="0"/>
    <module path="/tmp/.mount_xLightBLLc4s/usr/bin/../lib/libgdk_pixbuf-2.0.so.0" address="0x78ffe61cd2a8" size="0x32858" version="0"/>
    <module path="/tmp/.mount_xLightBLLc4s/usr/bin/../lib/libgio-2.0.so.0" address="0x78ffe56102a8" size="0x1ef9a8" version="0"/>
    <module path="/lib/x86_64-linux-gnu/libSM.so.6" address="0x78ffe78252a8" size="0x8eb8" version="6"/>
    <module path="/tmp/.mount_xLightBLLc4s/usr/bin/../lib/libXtst.so.6" address="0x78ffe781c2a8" size="0x8500" version="6"/>
    <module path="/tmp/.mount_xLightBLLc4s/usr/bin/../lib/libpangoft2-1.0.so.0" address="0x78ffe74cf2a8" size="0x1d858" version="0"/>
    <module path="/lib/x86_64-linux-gnu/libfontconfig.so.1" address="0x78ffe617c2a8" size="0x4ffe0" version="1"/>
    <module path="/tmp/.mount_xLightBLLc4s/usr/bin/../lib/libpng16.so.16" address="0x78ffe613e2a8" size="0x3d090" version="16"/>
    <module path="/tmp/.mount_xLightBLLc4s/usr/bin/../lib/libjpeg.so.8" address="0x78ffe60bf000" size="0x7e108" version="8"/>
    <module path="/lib/x86_64-linux-gnu/libexpat.so.1" address="0x78ffe60902a8" size="0x29dd8" version="1"/>
    <module path="/tmp/.mount_xLightBLLc4s/usr/bin/../lib/libpcre2-32.so.0" address="0x78ffe558a2a8" size="0x85b40" version="0"/>
    <module path="/lib64/ld-linux-x86-64.so.2" address="0x78ffeed062a8" size="0x39030" version="2"/>
    <module path="/lib/x86_64-linux-gnu/libXau.so.6" address="0x78ffe78122a8" size="0x4e48" version="6"/>
    <module path="/lib/x86_64-linux-gnu/libXdmcp.so.6" address="0x78ffe74c72a8" size="0x6dc0" version="6"/>
    <module path="/tmp/.mount_xLightBLLc4s/usr/bin/../lib/libunistring.so.2" address="0x78ffe53da2a8" size="0x1af030" version="2"/>
    <module path="/tmp/.mount_xLightBLLc4s/usr/bin/../lib/libhogweed.so.6" address="0x78ffe538e2a8" size="0x4ad88" version="6"/>
    <module path="/tmp/.mount_xLightBLLc4s/usr/bin/../lib/libnettle.so.8" address="0x78ffe53432a8" size="0x49dd0" version="8"/>
    <module path="/lib/x86_64-linux-gnu/libgmp.so.10" address="0x78ffe52bf238" size="0x82fb8" version="10"/>
    <module path="/tmp/.mount_xLightBLLc4s/usr/bin/../lib/libkrb5.so.3" address="0x78ffe51ed2a8" size="0xd0f10" version="3"/>
    <module path="/tmp/.mount_xLightBLLc4s/usr/bin/../lib/libk5crypto.so.3" address="0x78ffe605f2a8" size="0x2fea0" version="3"/>
    <module path="/lib/x86_64-linux-gnu/libcom_err.so.2" address="0x78ffe718c2e0" size="0x4d68" version="2"/>
    <module path="/tmp/.mount_xLightBLLc4s/usr/bin/../lib/libkrb5support.so.0" address="0x78ffe51dd2a8" size="0xee00" version="0"/>
    <module path="/tmp/.mount_xLightBLLc4s/usr/bin/../lib/libsasl2.so.2" address="0x78ffe51c12a8" size="0x1b9b8" version="2"/>
    <module path="/tmp/.mount_xLightBLLc4s/usr/bin/../lib/libbrotlicommon.so.1" address="0x78ffe519d2a8" size="0x23288" version="1"/>
    <module path="/tmp/.mount_xLightBLLc4s/usr/bin/../lib/libicuuc.so.70" address="0x78ffe4e002a8" size="0x225cf0" version="70"/>
    <module path="/tmp/.mount_xLightBLLc4s/usr/bin/../lib/libmpg123.so.0" address="0x78ffe5144000" size="0x58198" version="0"/>
    <module path="/tmp/.mount_xLightBLLc4s/usr/bin/../lib/libvorbisfile.so.3" address="0x78ffe51332a8" size="0xb6e8" version="3"/>
    <module path="/lib/x86_64-linux-gnu/libfreetype.so.6" address="0x78ffe50672a8" size="0xcad68" version="6"/>
    <module path="/tmp/.mount_xLightBLLc4s/usr/bin/../lib/libudfread.so.0" address="0x78ffe505b2a8" size="0xb310" version="0"/>
    <module path="/tmp/.mount_xLightBLLc4s/usr/bin/../lib/libp11-kit.so.0" address="0x78ffe4cc32e0" size="0x13c268" version="0"/>
    <module path="/tmp/.mount_xLightBLLc4s/usr/bin/../lib/libtasn1.so.6" address="0x78ffe50422a8" size="0x18638" version="6"/>
    <module path="/tmp/.mount_xLightBLLc4s/usr/bin/../lib/libgcrypt.so.20" address="0x78ffe4b832a8" size="0x13f9d0" version="20"/>
    <module path="/lib/x86_64-linux-gnu/libgpg-error.so.0" address="0x78ffe4b5e2a8" size="0x23f00" version="0"/>
    <module path="/tmp/.mount_xLightBLLc4s/usr/bin/../lib/libbsd.so.0" address="0x78ffe50282a8" size="0x18dd8" version="0"/>
    <module path="/tmp/.mount_xLightBLLc4s/usr/bin/../lib/libsodium.so.23" address="0x78ffe4b0b000" size="0x52490" version="23"/>
    <module path="/tmp/.mount_xLightBLLc4s/usr/bin/../lib/libpgm-5.3.so.0" address="0x78ffe4aac2a8" size="0x51eb8" version="0"/>
    <module path="/tmp/.mount_xLightBLLc4s/usr/bin/../lib/libnorm.so.1" address="0x78ffe497f2a8" size="0x12c710" version="1"/>
    <module path="/tmp/.mount_xLightBLLc4s/usr/bin/../lib/libcairo-gobject.so.2" address="0x78ffe49722a8" size="0xc818" version="2"/>
    <module path="/tmp/.mount_xLightBLLc4s/usr/bin/../lib/libffi.so.8" address="0x78ffe49642a8" size="0xd5f8" version="8"/>
    <module path="/tmp/.mount_xLightBLLc4s/usr/bin/../lib/libpcre.so.3" address="0x78ffe48ed2a8" size="0x76468" version="3"/>
    <module path="/tmp/.mount_xLightBLLc4s/usr/bin/../lib/libpixman-1.so.0" address="0x78ffe48402e0" size="0xac590" version="0"/>
    <module path="/tmp/.mount_xLightBLLc4s/usr/bin/../lib/libxcb-shm.so.0" address="0x78ffe483a2a8" size="0x5360" version="0"/>
    <module path="/tmp/.mount_xLightBLLc4s/usr/bin/../lib/libxcb-render.so.0" address="0x78ffe48282a8" size="0x11808" version="0"/>
    <module path="/tmp/.mount_xLightBLLc4s/usr/bin/../lib/libXrender.so.1" address="0x78ffe481a2a8" size="0xd778" version="1"/>
    <module path="/tmp/.mount_xLightBLLc4s/usr/bin/../lib/libogg.so.0" address="0x78ffe480e2a8" size="0xb788" version="0"/>
    <module path="/tmp/.mount_xLightBLLc4s/usr/bin/../lib/libnuma.so.1" address="0x78ffe48002e0" size="0xdc68" version="1"/>
    <module path="/lib/x86_64-linux-gnu/libpthread.so.0" address="0x78ffe47fb2a8" size="0x3d68" version="0"/>
    <module path="/tmp/.mount_xLightBLLc4s/usr/bin/../lib/libgomp.so.1" address="0x78ffe47ac2e0" size="0x4e4e0" version="1"/>
    <module path="/tmp/.mount_xLightBLLc4s/usr/bin/../lib/libpulsecommon-15.99.so" address="0x78ffe471f2a8" size="0x8c018" version="15.99"/>
    <module path="/tmp/.mount_xLightBLLc4s/usr/bin/../lib/libdbus-1.so.3" address="0x78ffe46cb2a8" size="0x52f20" version="3"/>
    <module path="/lib/x86_64-linux-gnu/libwayland-server.so.0" address="0x78ffe46b32a8" size="0x15378" version="0"/>
    <module path="/lib/x86_64-linux-gnu/libxcb-randr.so.0" address="0x78ffe46a22a8" size="0xfda0" version="0"/>
    <module path="/tmp/.mount_xLightBLLc4s/usr/bin/../lib/libgmodule-2.0.so.0" address="0x78ffe469a2a8" size="0x73b0" version="0"/>
    <module path="/tmp/.mount_xLightBLLc4s/usr/bin/../lib/libatk-1.0.so.0" address="0x78ffe466c2a8" size="0x2d648" version="0"/>
    <module path="/tmp/.mount_xLightBLLc4s/usr/bin/../lib/libatk-bridge-2.0.so.0" address="0x78ffe46302a8" size="0x3b360" version="0"/>
    <module path="/tmp/.mount_xLightBLLc4s/usr/bin/../lib/libepoxy.so.0" address="0x78ffe44da2a8" size="0x153510" version="0"/>
    <module path="/lib/x86_64-linux-gnu/libfribidi.so.0" address="0x78ffe44bc2a8" size="0x1ce20" version="0"/>
    <module path="/lib/x86_64-linux-gnu/libharfbuzz.so.0" address="0x78ffe43af2a8" size="0x10c7f8" version="0"/>
    <module path="/tmp/.mount_xLightBLLc4s/usr/bin/../lib/libXcomposite.so.1" address="0x78ffe43a92a8" size="0x5298" version="1"/>
    <module path="/tmp/.mount_xLightBLLc4s/usr/bin/../lib/libXdamage.so.1" address="0x78ffe43a32a8" size="0x5478" version="1"/>
    <module path="/tmp/.mount_xLightBLLc4s/usr/bin/../lib/libthai.so.0" address="0x78ffe43952a8" size="0xb8f0" version="0"/>
    <module path="/tmp/.mount_xLightBLLc4s/usr/bin/../lib/libmount.so.1" address="0x78ffe434e2a8" size="0x46a68" version="1"/>
    <module path="/tmp/.mount_xLightBLLc4s/usr/bin/../lib/libselinux.so.1" address="0x78ffe431f2e0" size="0x2e198" version="1"/>
    <module path="/lib/x86_64-linux-gnu/libICE.so.6" address="0x78ffe43032a8" size="0x1bcb0" version="6"/>
    <module path="/lib/x86_64-linux-gnu/libuuid.so.1" address="0x78ffe42f92e0" size="0x8d48" version="1"/>
    <module path="/tmp/.mount_xLightBLLc4s/usr/bin/../lib/libkeyutils.so.1" address="0x78ffe42ef2a8" size="0x7688" version="1"/>
    <module path="/lib/x86_64-linux-gnu/libresolv.so.2" address="0x78ffe42dc2a8" size="0x125e0" version="2"/>
    <module path="/tmp/.mount_xLightBLLc4s/usr/bin/../lib/libicudata.so.70" address="0x78ffe2600270" size="0x1c1e070" version="70"/>
    <module path="/tmp/.mount_xLightBLLc4s/usr/bin/../lib/libmd.so.0" address="0x78ffe42ce2a8" size="0xd640" version="0"/>
    <module path="/tmp/.mount_xLightBLLc4s/usr/bin/../lib/libsndfile.so.1" address="0x78ffe424b2a8" size="0x80000" version="1"/>
    <module path="/lib/x86_64-linux-gnu/libX11-xcb.so.1" address="0x78ffe42462a8" size="0x3d68" version="1"/>
    <module path="/tmp/.mount_xLightBLLc4s/usr/bin/../lib/libsystemd.so.0" address="0x78ffe25332e0" size="0xcc9f0" version="0"/>
    <module path="/tmp/.mount_xLightBLLc4s/usr/bin/../lib/libasyncns.so.0" address="0x78ffe423d2a8" size="0x8368" version="0"/>
    <module path="/tmp/.mount_xLightBLLc4s/usr/bin/../lib/libapparmor.so.1" address="0x78ffe42272a8" size="0x15bf8" version="1"/>
    <module path="/tmp/.mount_xLightBLLc4s/usr/bin/../lib/libatspi.so.0" address="0x78ffe24f32a8" size="0x3ee70" version="0"/>
    <module path="/lib/x86_64-linux-gnu/libgraphite2.so.3" address="0x78ffe24cd2a8" size="0x24de8" version="3"/>
    <module path="/tmp/.mount_xLightBLLc4s/usr/bin/../lib/libdatrie.so.1" address="0x78ffe24c32a8" size="0x94a8" version="1"/>
    <module path="/tmp/.mount_xLightBLLc4s/usr/bin/../lib/libblkid.so.1" address="0x78ffe248a2a8" size="0x382c0" version="1"/>
    <module path="/tmp/.mount_xLightBLLc4s/usr/bin/../lib/libpcre2-8.so.0" address="0x78ffe23f22a8" size="0x97b18" version="0"/>
    <module path="/tmp/.mount_xLightBLLc4s/usr/bin/../lib/libFLAC.so.8" address="0x78ffe23b22a8" size="0x3fb20" version="8"/>
    <module path="/tmp/.mount_xLightBLLc4s/usr/bin/../lib/liblz4.so.1" address="0x78ffe23912a8" size="0x20c78" version="1"/>
    <module path="/tmp/.mount_xLightBLLc4s/usr/bin/../lib/libcap.so.2" address="0x78ffe23852a8" size="0xb690" version="2"/>
    <module path="/usr/lib/x86_64-linux-gnu/gconv/UTF-32.so" address="0x78ffe236b2a8" size="0x4d68" version="32"/>
    <module path="/tmp/.mount_xLightBLLc4s/usr/bin/../lib/libpixbufloader-svg.so" address="0x78ffdda0b2a8" size="0x5398" version="svg"/>
    <module path="/lib/x86_64-linux-gnu/libnss_mdns4_minimal.so.2" address="0x78ffdda052a8" size="0x4d68" version="2"/>
    <module path="/lib/x86_64-linux-gnu/libEGL_mesa.so.0" address="0x78ffdc2ac2e0" size="0x47cc0" version="0"/>
    <module path="/lib/x86_64-linux-gnu/libglapi.so.0" address="0x78ffdd0122e0" size="0x32d88" version="0"/>
    <module path="/lib/x86_64-linux-gnu/libxcb-dri2.so.0" address="0x78ffdd00b2a8" size="0x5da0" version="0"/>
    <module path="/lib/x86_64-linux-gnu/libxcb-xfixes.so.0" address="0x78ffdd0012a8" size="0x8da0" version="0"/>
    <module path="/lib/x86_64-linux-gnu/libxcb-dri3.so.0" address="0x78ffdc2a52a8" size="0x5db0" version="0"/>
    <module path="/lib/x86_64-linux-gnu/libxcb-present.so.0" address="0x78ffdc2a02a8" size="0x3da0" version="0"/>
    <module path="/lib/x86_64-linux-gnu/libxcb-sync.so.1" address="0x78ffdc2972a8" size="0x7db0" version="1"/>
    <module path="/lib/x86_64-linux-gnu/libxshmfence.so.1" address="0x78ffdc2922a8" size="0x3db8" version="1"/>
    <module path="/usr/lib/x86_64-linux-gnu/dri/iris_dri.so" address="0x78ffd4a002e0" size="0x21f0750" version="gnu/dri/iris_dri"/>
    <module path="/lib/x86_64-linux-gnu/libLLVM-17.so.1" address="0x78ffb8800040" size="0x7676ef1" version="1"/>
    <module path="/lib/x86_64-linux-gnu/libsensors.so.5" address="0x78ffdc2832a8" size="0xe190" version="5"/>
    <module path="/lib/x86_64-linux-gnu/libdrm_radeon.so.1" address="0x78ffdc2752a8" size="0xce60" version="1"/>
    <module path="/lib/x86_64-linux-gnu/libelf.so.1" address="0x78ffdc2572e0" size="0x1cee8" version="1"/>
    <module path="/lib/x86_64-linux-gnu/libdrm_amdgpu.so.1" address="0x78ffdc24a2a8" size="0xbfa0" version="1"/>
    <module path="/lib/x86_64-linux-gnu/libdrm_nouveau.so.2" address="0x78ffdc2402a8" size="0x8e70" version="2"/>
    <module path="/lib/x86_64-linux-gnu/libdrm_intel.so.1" address="0x78ffdc21c2a8" size="0x23500" version="1"/>
    <module path="/lib/x86_64-linux-gnu/libedit.so.2" address="0x78ffdc1e22a8" size="0x38dd8" version="2"/>
    <module path="/lib/x86_64-linux-gnu/libtinfo.so.6" address="0x78ffdc1ae2a8" size="0x33680" version="6"/>
    <module path="/lib/x86_64-linux-gnu/libpciaccess.so.0" address="0x78ffdc1a32a8" size="0x9ed8" version="0"/>
  </modules>
</report>
