<?xml version="1.0" encoding="UTF-8"?>
<xrgb>
  <models>
    <model DisplayAs="Single Line" StartSide="B" Dir="L" Antialias="1" PixelSize="2" Transparency="0" parm1="1" LayoutGroup="Default" StringType="RGB Nodes" parm3="3" ShadowModelFor="" Controller="fpp" parm2="36" name="Streetside-8" WorldPosX="0.0000" WorldPosY="-160.0000" WorldPosZ="0.0000" X2="-460.000000" Y2="0.000000" Z2="0.000000" versionNumber="7" StartChannel="!fpp:1492">
      <ControllerConnection Port="8" Protocol="ws2811"/>
      <Aliases>
        <alias name="oldname:single line-8"/>
      </Aliases>
    </model>
    <model DisplayAs="Single Line" StartSide="B" Dir="L" Antialias="1" PixelSize="2" Transparency="0" parm1="1" LayoutGroup="Default" StringType="RGB Nodes" parm3="3" ShadowModelFor="" Controller="fpp" parm2="71" name="Streetside-7" WorldPosX="0.0000" WorldPosY="-140.0000" WorldPosZ="0.0000" X2="-460.000000" Y2="0.000000" Z2="0.000000" versionNumber="7" StartChannel="!fpp:1">
      <ControllerConnection Protocol="ws2811" Port="1"/>
      <Aliases>
        <alias name="oldname:single line-7"/>
      </Aliases>
    </model>
    <model DisplayAs="Single Line" StartSide="B" Dir="L" Antialias="1" PixelSize="2" Transparency="0" parm1="1" LayoutGroup="Default" StringType="RGB Nodes" parm3="3" ShadowModelFor="" Controller="fpp" parm2="71" name="Streetside-6" WorldPosX="0.0000" WorldPosY="-120.0000" WorldPosZ="0.0000" X2="-460.000000" Y2="0.000000" Z2="0.000000" versionNumber="7" StartChannel="!fpp:214">
      <ControllerConnection Protocol="ws2811" Port="2"/>
      <Aliases>
        <alias name="oldname:single line-6"/>
      </Aliases>
    </model>
    <model DisplayAs="Single Line" StartSide="B" Dir="L" Antialias="1" PixelSize="2" Transparency="0" parm1="1" LayoutGroup="Default" StringType="RGB Nodes" parm3="3" ShadowModelFor="" Controller="fpp" parm2="71" name="Streetside-5" WorldPosX="0.0000" WorldPosY="-100.0000" WorldPosZ="0.0000" X2="-460.000000" Y2="0.000000" Z2="0.000000" versionNumber="7" StartChannel="!fpp:427">
      <ControllerConnection Protocol="ws2811" Port="3"/>
      <Aliases>
        <alias name="oldname:single line-5"/>
      </Aliases>
    </model>
    <model DisplayAs="Single Line" StartSide="B" Dir="L" Antialias="1" PixelSize="2" Transparency="0" parm1="1" LayoutGroup="Default" StringType="RGB Nodes" parm3="3" ShadowModelFor="" Controller="fpp" parm2="71" name="Streetside-4" WorldPosX="0.0000" WorldPosY="-80.0000" WorldPosZ="0.0000" X2="-460.000000" Y2="0.000000" Z2="0.000000" versionNumber="7" StartChannel="!fpp:640">
      <ControllerConnection Port="4" Protocol="ws2811"/>
      <Aliases>
        <alias name="oldname:single line-4"/>
      </Aliases>
    </model>
    <model DisplayAs="Single Line" StartSide="B" Dir="L" Antialias="1" PixelSize="2" Transparency="0" parm1="1" LayoutGroup="Default" StringType="RGB Nodes" parm3="3" ShadowModelFor="" Controller="fpp" parm2="71" name="Streetside-3" WorldPosX="0.0000" WorldPosY="-60.0000" WorldPosZ="0.0000" X2="-460.000000" Y2="0.000000" Z2="0.000000" versionNumber="7" StartChannel="!fpp:853">
      <ControllerConnection Protocol="ws2811" Port="5"/>
      <Aliases>
        <alias name="oldname:single line-3"/>
      </Aliases>
    </model>
    <model DisplayAs="Single Line" StartSide="B" Dir="L" Antialias="1" PixelSize="2" Transparency="0" parm1="1" LayoutGroup="Default" StringType="RGB Nodes" parm3="3" ShadowModelFor="" Controller="fpp" parm2="71" name="Streetside-2" WorldPosX="0.0000" WorldPosY="-40.0000" WorldPosZ="0.0000" X2="-460.000000" Y2="0.000000" Z2="0.000000" versionNumber="7" StartChannel="!fpp:1066">
      <ControllerConnection Protocol="ws2811" Port="6"/>
      <Aliases>
        <alias name="oldname:single line-2"/>
      </Aliases>
    </model>
    <model DisplayAs="Single Line" StartSide="B" Dir="L" Antialias="1" PixelSize="2" Transparency="0" parm1="1" LayoutGroup="Default" StringType="RGB Nodes" parm3="3" Controller="fpp" parm2="71" name="Streetside-1" WorldPosX="0.0000" WorldPosY="-20.0000" WorldPosZ="0.0000" X2="-460.000000" Y2="0.000000" Z2="0.000000" versionNumber="7" StartChannel="!fpp:1279">
      <ControllerConnection Protocol="ws2811" Port="7"/>
      <Aliases>
        <alias name="oldname:single line"/>
      </Aliases>
    </model>
    <model DisplayAs="Single Line" StartSide="B" Dir="L" Antialias="1" PixelSize="2" Transparency="0" parm1="1" LayoutGroup="Default" StringType="RGB Nodes" parm3="3" name="Curbside-1" parm2="46" Controller="fpp" WorldPosX="20.0000" WorldPosY="-20.0000" WorldPosZ="0.0000" X2="600.000000" Y2="0.000000" Z2="0.000000" versionNumber="7" StartChannel="!fpp:1600">
      <Aliases>
        <alias name="oldname:single line"/>
      </Aliases>
      <ControllerConnection Port="9" Protocol="ws2811"/>
    </model>
    <model DisplayAs="Single Line" StartSide="B" Dir="L" Antialias="1" PixelSize="2" Transparency="0" parm1="1" LayoutGroup="Default" StringType="RGB Nodes" parm3="3" ShadowModelFor="" name="Curbside-2" parm2="95" Controller="fpp" WorldPosX="20.0000" WorldPosY="-40.0000" WorldPosZ="0.0000" X2="600.000000" Y2="0.000000" Z2="0.000000" versionNumber="7" StartChannel="!fpp:1738">
      <Aliases>
        <alias name="oldname:single line-2"/>
      </Aliases>
      <ControllerConnection Protocol="ws2811" Port="10"/>
    </model>
    <model DisplayAs="Single Line" StartSide="B" Dir="L" Antialias="1" PixelSize="2" Transparency="0" parm1="1" LayoutGroup="Default" StringType="RGB Nodes" parm3="3" ShadowModelFor="" name="Curbside-3" parm2="97" Controller="fpp" WorldPosX="20.0000" WorldPosY="-60.0000" WorldPosZ="0.0000" X2="600.000000" Y2="0.000000" Z2="0.000000" versionNumber="7" StartChannel="!fpp:2023">
      <Aliases>
        <alias name="oldname:single line-3"/>
      </Aliases>
      <ControllerConnection Protocol="ws2811" Port="11"/>
    </model>
    <model DisplayAs="Single Line" StartSide="B" Dir="L" Antialias="1" PixelSize="2" Transparency="0" parm1="1" LayoutGroup="Default" StringType="RGB Nodes" parm3="3" ShadowModelFor="" name="Curbside-4" parm2="95" Controller="fpp" WorldPosX="20.0000" WorldPosY="-80.0000" WorldPosZ="0.0000" X2="600.000000" Y2="0.000000" Z2="0.000000" versionNumber="7" StartChannel="!fpp:2314">
      <Aliases>
        <alias name="oldname:single line-4"/>
      </Aliases>
      <ControllerConnection Protocol="ws2811" Port="12"/>
    </model>
    <model DisplayAs="Single Line" StartSide="B" Dir="L" Antialias="1" PixelSize="2" Transparency="0" parm1="1" LayoutGroup="Default" StringType="RGB Nodes" parm3="3" ShadowModelFor="" name="Curbside-5" parm2="97" Controller="fpp" WorldPosX="20.0000" WorldPosY="-100.0000" WorldPosZ="0.0000" X2="600.000000" Y2="0.000000" Z2="0.000000" versionNumber="7" StartChannel="!fpp:2890">
      <Aliases>
        <alias name="oldname:single line-5"/>
      </Aliases>
      <ControllerConnection Protocol="ws2811" Port="14"/>
    </model>
    <model DisplayAs="Single Line" StartSide="B" Dir="L" Antialias="1" PixelSize="2" Transparency="0" parm1="1" LayoutGroup="Default" StringType="RGB Nodes" parm3="3" ShadowModelFor="" name="Curbside-6" parm2="97" Controller="fpp" WorldPosX="20.0000" WorldPosY="-120.0000" WorldPosZ="0.0000" X2="600.000000" Y2="0.000000" Z2="0.000000" versionNumber="7" StartChannel="!fpp:2599">
      <Aliases>
        <alias name="oldname:single line-6"/>
      </Aliases>
      <ControllerConnection Protocol="ws2811" Port="13"/>
    </model>
    <model DisplayAs="Single Line" StartSide="B" Dir="L" Antialias="1" PixelSize="2" Transparency="0" parm1="1" LayoutGroup="Default" StringType="RGB Nodes" parm3="3" ShadowModelFor="" name="Curbside-7" parm2="97" Controller="fpp" WorldPosX="20.0000" WorldPosY="-140.0000" WorldPosZ="0.0000" X2="600.000000" Y2="0.000000" Z2="0.000000" versionNumber="7" StartChannel="!fpp:3319">
      <Aliases>
        <alias name="oldname:single line-7"/>
        <alias name="oldname:streetside-15"/>
      </Aliases>
      <ControllerConnection Protocol="ws2811" Port="16"/>
    </model>
    <model DisplayAs="Single Line" StartSide="B" Dir="L" Antialias="1" PixelSize="2" Transparency="0" parm1="1" LayoutGroup="Default" StringType="RGB Nodes" parm3="3" ShadowModelFor="" parm2="46" name="Curbside-8" Controller="fpp" WorldPosX="20.0000" WorldPosY="-160.0000" WorldPosZ="0.0000" X2="600.000000" Y2="0.000000" Z2="0.000000" versionNumber="7" StartChannel="!fpp:3181">
      <Aliases>
        <alias name="oldname:single line-8"/>
        <alias name="oldname:streetside-16"/>
      </Aliases>
      <ControllerConnection Protocol="ws2811" Port="15"/>
    </model>
  </models>
  <view_objects>
    <view_object DisplayAs="Gridlines" LayoutGroup="Default" name="Gridlines" GridLineSpacing="50" GridWidth="2000.0" GridHeight="1000.0" Active="1" WorldPosX="0.0000" WorldPosY="0.0000" WorldPosZ="0.0000" ScaleX="1.0000" ScaleY="1.0000" ScaleZ="1.0000" RotateX="-90.00000000" RotateY="-0.00000000" RotateZ="0.00000000" versionNumber="7"/>
  </view_objects>
  <effects version="0007"/>
  <views/>
  <palettes/>
  <modelGroups>
    <modelGroup selected="0" name="Everything" layout="minimalGrid" GridSize="400" LayoutGroup="Default" models="Streetside-1,Streetside-2,Streetside-3,Streetside-4,Streetside-5,Streetside-6,Streetside-7,Streetside-8,Curbside-1,Curbside-2,Curbside-3,Curbside-4,Curbside-5,Curbside-6,Curbside-7,Curbside-8" centrex="80.000412" centrey="-90.000023" centreDefined="0" centreMinx="-460" centreMiny="-160" centreMaxx="620" centreMaxy="-20"/>
    <modelGroup selected="0" name="Streetside" layout="minimalGrid" GridSize="400" LayoutGroup="Default" models="Streetside-7,Streetside-6,Streetside-5,Streetside-4,Streetside-3,Streetside-2,Streetside-1,Streetside-8" centrex="-230.000687" centrey="-90.000023" centreDefined="0" centreMinx="-460" centreMiny="-160" centreMaxx="0" centreMaxy="-20"/>
    <modelGroup selected="0" name="Curbside" layout="minimalGrid" GridSize="400" LayoutGroup="Default" models="Curbside-1,Curbside-2,Curbside-3,Curbside-4,Curbside-6,Curbside-5,Curbside-8,Curbside-7" centrex="320.001099" centrey="-90.000000" centreDefined="0" centreMinx="20" centreMiny="-160" centreMaxx="620" centreMaxy="-20"/>
  </modelGroups>
  <layoutGroups/>
  <perspectives current="Default Perspective">
    <perspective name="Default Perspective" settings="layout2|name=ModelPreview;caption=Model Preview;state=6293440;dir=4;layer=1;row=0;pos=0;prop=100000;bestw=250;besth=250;minw=-1;minh=-1;maxw=-1;maxh=-1;floatx=-1;floaty=-1;floatw=-1;floath=-1|name=HousePreview;caption=House Preview;state=6293440;dir=4;layer=1;row=0;pos=1;prop=100000;bestw=250;besth=250;minw=-1;minh=-1;maxw=-1;maxh=-1;floatx=-1;floaty=-1;floatw=-1;floath=-1|name=EffectAssist;caption=Effect Assist;state=2099198;dir=4;layer=1;row=0;pos=2;prop=100000;bestw=250;besth=250;minw=-1;minh=-1;maxw=-1;maxh=-1;floatx=-1;floaty=-1;floatw=-1;floath=-1|name=DisplayElements;caption=Display Elements;state=6293503;dir=4;layer=0;row=0;pos=0;prop=100000;bestw=750;besth=1050;minw=-1;minh=-1;maxw=-1;maxh=-1;floatx=-1;floaty=-1;floatw=750;floath=1050|name=Perspectives;caption=Perspectives;state=2099198;dir=4;layer=1;row=0;pos=0;prop=100000;bestw=20;besth=20;minw=-1;minh=-1;maxw=-1;maxh=-1;floatx=-1;floaty=-1;floatw=-1;floath=-1|name=Effect;caption=Effect Settings;state=2099196;dir=4;layer=0;row=1;pos=0;prop=100000;bestw=447;besth=829;minw=-1;minh=-1;maxw=-1;maxh=-1;floatx=-1;floaty=-1;floatw=-1;floath=-1|name=SelectEffect;caption=Select Effects;state=2099198;dir=4;layer=1;row=0;pos=0;prop=100000;bestw=471;besth=378;minw=-1;minh=-1;maxw=-1;maxh=-1;floatx=-1;floaty=-1;floatw=-1;floath=-1|name=SearchPanel;caption=Search Panel;state=2099198;dir=4;layer=1;row=0;pos=0;prop=100000;bestw=574;besth=376;minw=-1;minh=-1;maxw=-1;maxh=-1;floatx=-1;floaty=-1;floatw=-1;floath=-1|name=EffectDropper;caption=Effects;state=2099198;dir=1;layer=0;row=0;pos=0;prop=100000;bestw=1260;besth=756;minw=-1;minh=-1;maxw=-1;maxh=-1;floatx=-1;floaty=-1;floatw=-1;floath=-1|name=ValueCurveDropper;caption=Value Curves;state=2099198;dir=1;layer=0;row=0;pos=0;prop=100000;bestw=40;besth=40;minw=-1;minh=-1;maxw=-1;maxh=-1;floatx=-1;floaty=-1;floatw=-1;floath=-1|name=ColourDropper;caption=Colours;state=2099198;dir=1;layer=0;row=0;pos=0;prop=100000;bestw=20;besth=36;minw=-1;minh=-1;maxw=-1;maxh=-1;floatx=-1;floaty=-1;floatw=-1;floath=-1|name=Jukebox;caption=Jukebox;state=2099198;dir=1;layer=0;row=0;pos=0;prop=100000;bestw=100;besth=200;minw=-1;minh=-1;maxw=-1;maxh=-1;floatx=-1;floaty=-1;floatw=-1;floath=-1|name=FindData;caption=Find Data;state=2099198;dir=1;layer=0;row=0;pos=0;prop=100000;bestw=20;besth=20;minw=-1;minh=-1;maxw=-1;maxh=-1;floatx=-1;floaty=-1;floatw=-1;floath=-1|name=Color;caption=Color;state=2099196;dir=1;layer=0;row=0;pos=0;prop=100000;bestw=368;besth=351;minw=-1;minh=-1;maxw=-1;maxh=-1;floatx=-1;floaty=-1;floatw=-1;floath=-1|name=LayerTiming;caption=Layer Blending;state=2099196;dir=1;layer=0;row=0;pos=1;prop=100000;bestw=280;besth=282;minw=-1;minh=-1;maxw=-1;maxh=-1;floatx=-1;floaty=-1;floatw=-1;floath=-1|name=LayerSettings;caption=Layer Settings;state=2099196;dir=1;layer=0;row=0;pos=2;prop=100000;bestw=20;besth=20;minw=-1;minh=-1;maxw=-1;maxh=-1;floatx=-1;floaty=-1;floatw=-1;floath=-1|name=SequenceVideo;caption=Sequence Video;state=2099199;dir=4;layer=0;row=0;pos=0;prop=100000;bestw=280;besth=169;minw=-1;minh=-1;maxw=-1;maxh=-1;floatx=52;floaty=52;floatw=296;floath=208|name=Main Sequencer;caption=Main Sequencer;state=768;dir=5;layer=0;row=0;pos=0;prop=100000;bestw=118;besth=50;minw=-1;minh=-1;maxw=-1;maxh=-1;floatx=-1;floaty=-1;floatw=-1;floath=-1|dock_size(4,1,0)=252|dock_size(4,0,1)=340|dock_size(1,0,0)=86|dock_size(5,0,0)=120|" version="2.0"/>
  </perspectives>
  <settings>
    <LayoutMode3D value="0"/>
    <storedLayoutGroup value="Default"/>
    <previewWidth value="1280"/>
    <previewHeight value="720"/>
  </settings>
  <colors>
    <DisabledEffect Red="200" Green="200" Blue="0"/>
    <EffectDefault Red="192" Green="192" Blue="192"/>
    <EffectSelected Red="204" Green="102" Blue="255"/>
    <EffectSelectedDisabled Red="200" Green="200" Blue="64"/>
    <EffectSelectedFixed Red="255" Green="128" Blue="0"/>
    <EffectSelectedLocked Red="200" Green="128" Blue="152"/>
    <GridDashes Red="255" Green="255" Blue="0"/>
    <Gridlines Red="40" Green="40" Blue="40"/>
    <LabelOutline Red="103" Green="103" Blue="103"/>
    <Labels Red="255" Green="255" Blue="204"/>
    <LayoutDashes Red="255" Green="255" Blue="0"/>
    <LockedEffect Red="200" Green="0" Blue="0"/>
    <ModelDefault Red="211" Green="211" Blue="211"/>
    <ModelOverlap Red="255" Green="0" Blue="0"/>
    <ModelSelected Red="255" Green="255" Blue="0"/>
    <Phonemes Red="255" Green="181" Blue="218"/>
    <Phrases Red="153" Green="255" Blue="153"/>
    <ReferenceEffect Red="255" Green="0" Blue="255"/>
    <ReferenceEffectDisabled Red="255" Green="255" Blue="127"/>
    <ReferenceEffectLocked Red="255" Green="0" Blue="127"/>
    <RowHeaderSelected Red="130" Green="178" Blue="207"/>
    <TextHighlighted Red="0" Green="0" Blue="255"/>
    <TextUnselected Red="211" Green="211" Blue="211"/>
    <Timing1 Red="0" Green="255" Blue="255"/>
    <Timing2 Red="255" Green="0" Blue="0"/>
    <Timing3 Red="0" Green="255" Blue="0"/>
    <Timing4 Red="0" Green="0" Blue="255"/>
    <Timing5 Red="255" Green="255" Blue="0"/>
    <TimingDefault Red="255" Green="255" Blue="255"/>
    <Waveform Red="130" Green="178" Blue="207"/>
    <WaveformMouseMarker Red="0" Green="0" Blue="255"/>
    <WaveformSelected Red="0" Green="0" Blue="200"/>
    <WaveformSelectedEffect Red="255" Green="128" Blue="0"/>
    <Words Red="255" Green="218" Blue="145"/>
  </colors>
  <Viewpoints/>
</xrgb>
