<?xml version="1.0" encoding="UTF-8"?>
<report version="1.0" kind="exception">
  <system description="Windows 10 (build 19045), 64-bit edition"/>
  <modules>
    <module path="C:\Program Files\xLights\xLights.exe" address="0x7ff63f390000" size="0x2c15000"/>
    <module path="C:\Windows\SYSTEM32\ntdll.dll" address="0x7ffeedb90000" size="0x1f8000" version="10.0.19041.4842"/>
    <module path="C:\Windows\System32\KERNEL32.DLL" address="0x7ffeed440000" size="0xc1000" version="10.0.19041.4842"/>
    <module path="C:\Windows\System32\KERNELBASE.dll" address="0x7ffeeb870000" size="0x2fd000" version="10.0.19041.4842"/>
    <module path="C:\Windows\System32\USER32.dll" address="0x7ffeed570000" size="0x19d000" version="10.0.19041.4717"/>
    <module path="C:\Windows\System32\win32u.dll" address="0x7ffeeb240000" size="0x22000" version="10.0.19041.4894"/>
    <module path="C:\Windows\System32\GDI32.dll" address="0x7ffeed270000" size="0x2b000" version="10.0.19041.4474"/>
    <module path="C:\Windows\System32\gdi32full.dll" address="0x7ffeeb620000" size="0x117000" version="10.0.19041.4717"/>
    <module path="C:\Windows\System32\msvcp_win.dll" address="0x7ffeeb270000" size="0x9d000" version="10.0.19041.3636"/>
    <module path="C:\Windows\System32\ucrtbase.dll" address="0x7ffeeb520000" size="0x100000" version="10.0.19041.3636"/>
    <module path="C:\Windows\System32\ADVAPI32.dll" address="0x7ffeed0d0000" size="0xb0000" version="10.0.19041.4597"/>
    <module path="C:\Windows\System32\msvcrt.dll" address="0x7ffeec160000" size="0x9e000" version="7.0.19041.3636"/>
    <module path="C:\Windows\System32\sechost.dll" address="0x7ffeed920000" size="0xa0000" version="10.0.19041.4597"/>
    <module path="C:\Windows\System32\RPCRT4.dll" address="0x7ffeed310000" size="0x123000" version="10.0.19041.4597"/>
    <module path="C:\Windows\System32\bcrypt.dll" address="0x7ffeeb7b0000" size="0x27000" version="10.0.19041.3636"/>
    <module path="C:\Windows\System32\ole32.dll" address="0x7ffeed710000" size="0x12b000" version="10.0.19041.4355"/>
    <module path="C:\Windows\System32\combase.dll" address="0x7ffeecd60000" size="0x353000" version="10.0.19041.4717"/>
    <module path="C:\Windows\System32\WS2_32.dll" address="0x7ffeed2a0000" size="0x6b000" version="10.0.19041.3636"/>
    <module path="C:\Windows\System32\SHLWAPI.dll" address="0x7ffeec3d0000" size="0x55000" version="10.0.19041.4355"/>
    <module path="C:\Windows\System32\COMDLG32.dll" address="0x7ffeed840000" size="0xda000" version="10.0.19041.4355"/>
    <module path="C:\Windows\SYSTEM32\MSVCP140.dll" address="0x7ffecb020000" size="0x8d000" version="14.40.33810.0"/>
    <module path="C:\Windows\System32\shcore.dll" address="0x7ffeeda20000" size="0xad000" version="10.0.19041.4522"/>
    <module path="C:\Windows\WinSxS\amd64_microsoft.windows.common-controls_6595b64144ccf1df_6.0.19041.4355_none_60b8b9eb71f62e16\COMCTL32.dll" address="0x7ffee2f00000" size="0x29a000" version="6.10.19041.4355"/>
    <module path="C:\Windows\System32\SHELL32.dll" address="0x7ffeec430000" size="0x76f000" version="10.0.19041.4894"/>
    <module path="C:\Windows\SYSTEM32\OLEACC.dll" address="0x7ffee08a0000" size="0x66000" version="7.2.19041.3636"/>
    <module path="C:\Windows\System32\OLEAUT32.dll" address="0x7ffeec040000" size="0xcd000" version="10.0.19041.3636"/>
    <module path="C:\Windows\SYSTEM32\UxTheme.dll" address="0x7ffee8bd0000" size="0x9e000" version="10.0.19041.4529"/>
    <module path="C:\Windows\SYSTEM32\IPHLPAPI.DLL" address="0x7ffeea640000" size="0x3b000" version="10.0.19041.3636"/>
    <module path="C:\Program Files\xLights\hidapi.dll" address="0x7ffee13a0000" size="0x1e000"/>
    <module path="C:\Windows\System32\SETUPAPI.dll" address="0x7ffeebbc0000" size="0x46e000" version="10.0.19041.4355"/>
    <module path="C:\Windows\System32\cfgmgr32.dll" address="0x7ffeebb70000" size="0x4e000" version="10.0.19041.3996"/>
    <module path="C:\Program Files\xLights\avutil-58.dll" address="0x7ffe6df50000" size="0x124a000" version="58.29.100.0"/>
    <module path="C:\Program Files\xLights\swresample-4.dll" address="0x7ffec1f70000" size="0xa8000" version="4.12.100.0"/>
    <module path="C:\Program Files\xLights\avformat-60.dll" address="0x7ffe6cdf0000" size="0x1151000" version="60.16.100.0"/>
    <module path="C:\Windows\System32\CRYPT32.dll" address="0x7ffeeb310000" size="0x15c000" version="10.0.19041.4894"/>
    <module path="C:\Program Files\xLights\SDL2.dll" address="0x6c740000" size="0x151000" version="2.0.8.0"/>
    <module path="C:\Windows\System32\IMM32.dll" address="0x7ffeec130000" size="0x2f000" version="10.0.19041.4474"/>
    <module path="C:\Windows\SYSTEM32\VERSION.dll" address="0x7ffee5c70000" size="0xa000" version="10.0.19041.3636"/>
    <module path="C:\Windows\SYSTEM32\MSIMG32.dll" address="0x7ffee33f0000" size="0x7000" version="10.0.19041.3636"/>
    <module path="C:\Windows\SYSTEM32\OPENGL32.dll" address="0x7ffec5dc0000" size="0x128000" version="10.0.19041.4842"/>
    <module path="C:\Windows\SYSTEM32\VCRUNTIME140_1.dll" address="0x7ffee3ae0000" size="0xc000" version="14.40.33810.0"/>
    <module path="C:\Windows\SYSTEM32\VCRUNTIME140.dll" address="0x7ffee1380000" size="0x1e000" version="14.40.33810.0"/>
    <module path="C:\Windows\SYSTEM32\WINSPOOL.DRV" address="0x7ffee3410000" size="0xa4000" version="10.0.19041.4597"/>
    <module path="C:\Windows\SYSTEM32\ncrypt.dll" address="0x7ffeeace0000" size="0x29000" version="10.0.19041.4412"/>
    <module path="C:\Program Files\xLights\swscale-7.dll" address="0x7ffec1ec0000" size="0xae000" version="7.5.100.0"/>
    <module path="C:\Windows\SYSTEM32\WINMM.dll" address="0x7ffee3d40000" size="0x27000" version="10.0.19041.3636"/>
    <module path="C:\Windows\SYSTEM32\GLU32.dll" address="0x7ffecdf40000" size="0x2c000" version="10.0.19041.3636"/>
    <module path="C:\Program Files\xLights\avcodec-60.dll" address="0x7ffe4acb0000" size="0x5553000" version="60.31.102.0"/>
    <module path="C:\Windows\SYSTEM32\d2d1.dll" address="0x7ffee69d0000" size="0x5c0000" version="10.0.19041.4355"/>
    <module path="C:\Windows\SYSTEM32\DWrite.dll" address="0x7ffee2490000" size="0x27f000" version="10.0.19041.4355"/>
    <module path="C:\Windows\SYSTEM32\CRYPTBASE.DLL" address="0x7ffeeabc0000" size="0xc000" version="10.0.19041.3636"/>
    <module path="C:\Program Files\xLights\libcurl-x64.dll" address="0x7ffe6c8b0000" size="0x538000" version="7.80.0.0"/>
    <module path="C:\Windows\System32\WLDAP32.dll" address="0x7ffeed510000" size="0x5d000" version="10.0.19041.4474"/>
    <module path="C:\Windows\System32\bcryptPrimitives.dll" address="0x7ffeeb7e0000" size="0x82000" version="10.0.19041.3636"/>
    <module path="C:\Windows\SYSTEM32\NTASN1.dll" address="0x7ffeeaca0000" size="0x3b000" version="10.0.19041.3636"/>
    <module path="C:\Windows\SYSTEM32\DEVOBJ.dll" address="0x7ffeeaff0000" size="0x33000" version="10.0.19041.4355"/>
    <module path="C:\Windows\System32\WINTRUST.dll" address="0x7ffeeb740000" size="0x69000" version="10.0.19041.4780"/>
    <module path="C:\Windows\SYSTEM32\MSASN1.dll" address="0x7ffeeae00000" size="0x12000" version="10.0.19041.3636"/>
    <module path="C:\Windows\SYSTEM32\kernel.appcore.dll" address="0x7ffee90c0000" size="0x12000" version="10.0.19041.3758"/>
    <module path="C:\Windows\System32\clbcatq.dll" address="0x7ffeec200000" size="0xa9000" version="2001.12.10941.16384"/>
    <module path="C:\Windows\System32\MMDevApi.dll" address="0x7ffee5670000" size="0x85000" version="10.0.19041.4355"/>
    <module path="C:\Windows\SYSTEM32\DSOUND.DLL" address="0x7ffec0de0000" size="0x9c000" version="10.0.19041.4355"/>
    <module path="C:\Windows\SYSTEM32\powrprof.dll" address="0x7ffeea8d0000" size="0x4b000" version="10.0.19041.3636"/>
    <module path="C:\Windows\SYSTEM32\winmmbase.dll" address="0x7ffecf4c0000" size="0x26000" version="10.0.19041.1"/>
    <module path="C:\Windows\SYSTEM32\UMPDC.dll" address="0x7ffeea680000" size="0x12000"/>
    <module path="C:\Windows\SYSTEM32\wdmaud.drv" address="0x7ffecd730000" size="0x46000" version="10.0.19041.4355"/>
    <module path="C:\Windows\SYSTEM32\ksuser.dll" address="0x7ffed9b70000" size="0x9000" version="10.0.19041.1"/>
    <module path="C:\Windows\SYSTEM32\AVRT.dll" address="0x7ffee3d90000" size="0xa000" version="10.0.19041.3636"/>
    <module path="C:\Windows\SYSTEM32\AUDIOSES.DLL" address="0x7ffee58a0000" size="0x181000" version="10.0.19041.4355"/>
    <module path="C:\Windows\SYSTEM32\msacm32.drv" address="0x7ffed9a00000" size="0xd000" version="10.0.19041.3636"/>
    <module path="C:\Windows\SYSTEM32\MSACM32.dll" address="0x7ffed9760000" size="0x1e000" version="10.0.19041.1"/>
    <module path="C:\Windows\SYSTEM32\midimap.dll" address="0x7ffed9080000" size="0xb000" version="10.0.19041.3636"/>
    <module path="C:\Windows\SYSTEM32\mfplat.dll" address="0x7ffec7040000" size="0x1bc000" version="10.0.19041.4597"/>
    <module path="C:\Windows\SYSTEM32\RTWorkQ.DLL" address="0x7ffedf1f0000" size="0x34000" version="10.0.19041.4842"/>
    <module path="C:\Windows\SYSTEM32\mfreadwrite.dll" address="0x7ffea20e0000" size="0x10a000" version="10.0.19041.3636"/>
    <module path="C:\Windows\SYSTEM32\d3d11.dll" address="0x7ffee61d0000" size="0x263000" version="10.0.19041.4355"/>
    <module path="C:\Windows\SYSTEM32\dxgi.dll" address="0x7ffee9ad0000" size="0xf6000" version="10.0.19041.4842"/>
    <module path="C:\Windows\System32\MSCTF.dll" address="0x7ffeec2b0000" size="0x115000" version="10.0.19041.4842"/>
    <module path="C:\Windows\SYSTEM32\textinputframework.dll" address="0x7ffed9c50000" size="0xf9000" version="10.0.19041.4651"/>
    <module path="C:\Windows\SYSTEM32\CoreUIComponents.dll" address="0x7ffee7d80000" size="0x35b000" version="10.0.19041.3636"/>
    <module path="C:\Windows\SYSTEM32\ntmarta.dll" address="0x7ffeea4d0000" size="0x33000" version="10.0.19041.3636"/>
    <module path="C:\Windows\SYSTEM32\CoreMessaging.dll" address="0x7ffee81e0000" size="0xf2000" version="10.0.19041.4355"/>
    <module path="C:\Windows\SYSTEM32\wintypes.dll" address="0x7ffee70b0000" size="0x157000" version="10.0.19041.4717"/>
    <module path="C:\Windows\SYSTEM32\windows.storage.dll" address="0x7ffee92c0000" size="0x7a3000" version="10.0.19041.4894"/>
    <module path="C:\Windows\SYSTEM32\Wldp.dll" address="0x7ffeeac70000" size="0x2e000" version="10.0.19041.4780"/>
    <module path="C:\Windows\SYSTEM32\WindowsCodecs.dll" address="0x7ffee89c0000" size="0x1b6000" version="10.0.19041.4648"/>
    <module path="C:\Windows\SYSTEM32\profapi.dll" address="0x7ffeeb170000" size="0x24000" version="10.0.19041.4355"/>
    <module path="C:\Windows\SYSTEM32\TextShaping.dll" address="0x7ffee23e0000" size="0xac000"/>
    <module path="C:\Windows\system32\explorerframe.dll" address="0x7ffec69f0000" size="0x255000" version="10.0.19041.4842"/>
    <module path="C:\Windows\SYSTEM32\secur32.dll" address="0x7ffee8610000" size="0xc000" version="10.0.19041.3636"/>
    <module path="C:\Windows\SYSTEM32\SSPICLI.DLL" address="0x7ffeeb120000" size="0x32000" version="10.0.19041.4239"/>
    <module path="C:\Windows\system32\mswsock.dll" address="0x7ffeea9d0000" size="0x6a000" version="10.0.19041.3636"/>
    <module path="C:\Windows\System32\AppXDeploymentClient.dll" address="0x7ffee1080000" size="0x102000" version="10.0.19041.4717"/>
    <module path="C:\Windows\SYSTEM32\DNSAPI.dll" address="0x7ffeea6a0000" size="0xca000" version="10.0.19041.4474"/>
    <module path="C:\Windows\System32\NSI.dll" address="0x7ffeec030000" size="0x8000" version="10.0.19041.3636"/>
    <module path="C:\Windows\System32\rasadhlp.dll" address="0x7ffee20e0000" size="0xa000" version="10.0.19041.3636"/>
    <module path="C:\Windows\System32\fwpuclnt.dll" address="0x7ffee31e0000" size="0x80000" version="10.0.19041.4123"/>
    <module path="C:\Windows\SYSTEM32\CRYPTSP.dll" address="0x7ffeeabd0000" size="0x18000" version="10.0.19041.3636"/>
    <module path="C:\Windows\system32\rsaenh.dll" address="0x7ffeea220000" size="0x34000" version="10.0.19041.3636"/>
    <module path="C:\Windows\System32\DriverStore\FileRepository\iigd_dch.inf_amd64_7e4c89172c474331\ig9icd64.dll" address="0x7ffe8d6d0000" size="0x10a5000" version="30.0.101.3111"/>
    <module path="C:\Windows\system32\dwmapi.dll" address="0x7ffee8eb0000" size="0x2f000" version="10.0.19041.4355"/>
    <module path="C:\Windows\System32\DriverStore\FileRepository\iigd_dch.inf_amd64_7e4c89172c474331\igdml64.dll" address="0x7ffea52b0000" size="0x13c000" version="30.0.101.3111"/>
    <module path="C:\Windows\System32\DriverStore\FileRepository\iigd_dch.inf_amd64_7e4c89172c474331\igdgmm64.dll" address="0x7ffed5900000" size="0x409000" version="30.0.101.3111"/>
    <module path="C:\Windows\System32\DriverStore\FileRepository\iigd_dch.inf_amd64_7e4c89172c474331\igc64.dll" address="0x7ffed2160000" size="0x3794000" version="30.0.101.3111"/>
    <module path="C:\Windows\system32\dataexchange.dll" address="0x7ffedb580000" size="0x3e000" version="10.0.19041.4355"/>
    <module path="C:\Windows\system32\dcomp.dll" address="0x7ffee78b0000" size="0x1e4000" version="10.0.19041.4597"/>
    <module path="C:\Windows\system32\twinapi.appcore.dll" address="0x7ffee0c60000" size="0x203000" version="10.0.19041.4597"/>
    <module path="C:\Program Files\Common Files\microsoft shared\ink\tiptsf.dll" address="0x7ffecbcf0000" size="0xa9000" version="10.0.19041.4355"/>
    <module path="C:\Windows\SYSTEM32\dhcpcsvc.DLL" address="0x7ffee74f0000" size="0x1d000" version="10.0.19041.3636"/>
    <module path="C:\Windows\system32\napinsp.dll" address="0x7ffeb9c70000" size="0x17000" version="10.0.19041.3636"/>
    <module path="C:\Windows\system32\pnrpnsp.dll" address="0x7ffeb9990000" size="0x1b000" version="10.0.19041.3636"/>
    <module path="C:\Windows\system32\wshbth.dll" address="0x7ffee5c80000" size="0x15000" version="10.0.19041.3636"/>
    <module path="C:\Windows\system32\NLAapi.dll" address="0x7ffee4dd0000" size="0x1d000" version="10.0.19041.4123"/>
    <module path="C:\Windows\System32\winrnr.dll" address="0x7ffeb9970000" size="0x12000" version="10.0.19041.3636"/>
    <module path="C:\Windows\system32\Ninput.dll" address="0x7ffee7020000" size="0x6a000" version="10.0.19041.4355"/>
    <module path="C:\Windows\SYSTEM32\DUser.dll" address="0x7ffea4120000" size="0x95000" version="10.0.19041.3636"/>
    <module path="C:\Windows\SYSTEM32\atlthunk.dll" address="0x7ffedf740000" size="0xd000" version="10.0.19041.3636"/>
    <module path="C:\Windows\SYSTEM32\edputil.dll" address="0x7ffeda080000" size="0x24000" version="10.0.19041.4355"/>
    <module path="C:\Windows\SYSTEM32\DUI70.dll" address="0x7ffecfe60000" size="0x1ae000" version="10.0.19041.4355"/>
    <module path="C:\Windows\System32\thumbcache.dll" address="0x7ffecf7f0000" size="0x66000" version="10.0.19041.4355"/>
    <module path="C:\Windows\System32\Windows.Globalization.dll" address="0x7ffed1fb0000" size="0x1a6000" version="10.0.19041.4355"/>
    <module path="C:\Windows\System32\Bcp47Langs.dll" address="0x7ffed8a60000" size="0x5b000" version="10.0.19041.4355"/>
    <module path="C:\Windows\System32\bcp47mrm.dll" address="0x7ffee5200000" size="0x2d000" version="10.0.19041.4355"/>
    <module path="C:\Windows\SYSTEM32\globinputhost.dll" address="0x7ffec67c0000" size="0x25000" version="10.0.19041.4355"/>
    <module path="C:\Windows\SYSTEM32\PROPSYS.dll" address="0x7ffee8330000" size="0xf6000" version="7.0.19041.4597"/>
    <module path="C:\Windows\System32\StructuredQuery.dll" address="0x7ffedb600000" size="0xa6000" version="7.0.19041.4355"/>
    <module path="C:\Windows\System32\Windows.FileExplorer.Common.dll" address="0x7ffec3c80000" size="0x62000" version="10.0.19041.4842"/>
    <module path="C:\Windows\System32\iertutil.dll" address="0x7ffedcbe0000" size="0x2be000" version="11.0.19041.4894"/>
    <module path="C:\Windows\System32\srvcli.dll" address="0x7ffedd5f0000" size="0x28000" version="10.0.19041.3636"/>
    <module path="C:\Windows\System32\netutils.dll" address="0x7ffeea770000" size="0xc000" version="10.0.19041.3636"/>
    <module path="C:\Windows\system32\Windows.Storage.Search.dll" address="0x7ffeda8f0000" size="0xc9000" version="10.0.19041.4597"/>
    <module path="C:\Windows\System32\twinapi.dll" address="0x7ffec35c0000" size="0xa8000" version="10.0.19041.4355"/>
    <module path="C:\Windows\SYSTEM32\apphelp.dll" address="0x7ffee8820000" size="0x94000" version="10.0.19041.4842"/>
    <module path="C:\Windows\system32\NetworkExplorer.dll" address="0x7ffed9970000" size="0x17000" version="10.0.19041.4355"/>
    <module path="C:\Users\student\AppData\Local\Microsoft\OneDrive\24.180.0905.0001\FileSyncShell64.dll" address="0x7ffeb76e0000" size="0x1d4000" version="24.180.905.1"/>
    <module path="C:\Windows\SYSTEM32\USERENV.dll" address="0x7ffeeb0f0000" size="0x2e000" version="10.0.19041.4355"/>
    <module path="C:\Windows\SYSTEM32\WTSAPI32.dll" address="0x7ffee5c50000" size="0x14000" version="10.0.19041.3636"/>
    <module path="C:\Windows\SYSTEM32\WININET.dll" address="0x7ffedde00000" size="0x4d8000" version="11.0.19041.4717"/>
    <module path="C:\Windows\System32\coml2.dll" address="0x7ffeedad0000" size="0x79000" version="10.0.19041.4355"/>
    <module path="C:\Windows\System32\urlmon.dll" address="0x7ffedfde0000" size="0x1ec000" version="11.0.19041.4894"/>
    <module path="C:\Windows\SYSTEM32\LINKINFO.dll" address="0x7ffee2e50000" size="0xd000" version="10.0.19041.3636"/>
    <module path="C:\Windows\System32\EhStorShell.dll" address="0x7ffed9400000" size="0x37000" version="10.0.19041.3636"/>
    <module path="C:\Windows\System32\cscui.dll" address="0x7ffec4210000" size="0xcd000" version="10.0.19041.4355"/>
    <module path="C:\Windows\SYSTEM32\MPR.dll" address="0x7ffedceb0000" size="0x1d000" version="10.0.19041.3636"/>
    <module path="C:\Windows\System32\drprov.dll" address="0x7ffee4e40000" size="0xb000" version="10.0.19041.3636"/>
    <module path="C:\Windows\System32\WINSTA.dll" address="0x7ffeea470000" size="0x5b000" version="10.0.19041.3636"/>
    <module path="C:\Windows\System32\ntlanman.dll" address="0x7ffee4430000" size="0x1f000" version="10.0.19041.4842"/>
    <module path="C:\Windows\System32\davclnt.dll" address="0x7ffee2b10000" size="0x1e000" version="10.0.19041.3636"/>
    <module path="C:\Windows\System32\DAVHLPR.dll" address="0x7ffee4e10000" size="0xd000" version="10.0.19041.3636"/>
    <module path="C:\Windows\System32\wkscli.dll" address="0x7ffeea340000" size="0x19000" version="10.0.19041.3636"/>
    <module path="C:\Windows\SYSTEM32\cscapi.dll" address="0x7ffee2e80000" size="0x12000" version="10.0.19041.3636"/>
    <module path="C:\Windows\SYSTEM32\dbghelp.dll" address="0x7ffee3dc0000" size="0x1e4000" version="10.0.19041.3636"/>
    <module path="C:\Windows\SYSTEM32\dbgcore.DLL" address="0x7ffee3320000" size="0x34000" version="10.0.19041.4355"/>
  </modules>
  <context>
    <exception code="0xc0000094" name="INT_DIVIDE_BY_ZERO" address="0x7ff63fd76ed3"/>
  </context>
  <stack>
    <frame level="0" function="pcre2_get_mark_16" offset="0x7892f3" address="0x7ff63fd76ed3"/>
    <frame level="1" function="pcre2_get_mark_16" offset="0x787d99" address="0x7ff63fd75979"/>
    <frame level="2" function="pcre2_get_mark_16" offset="0xb20ef4" address="0x7ff64010ead4"/>
    <frame level="3" function="pcre2_get_mark_16" offset="0xb15f4f" address="0x7ff640103b2f"/>
    <frame level="4" function="pcre2_get_mark_16" offset="0xb16a9b" address="0x7ff64010467b"/>
    <frame level="5" function="pcre2_get_mark_16" offset="0xb16da1" address="0x7ff640104981"/>
    <frame level="6" function="pcre2_get_mark_16" offset="0xb15e7a" address="0x7ff640103a5a"/>
    <frame level="7" function="pcre2_get_mark_16" offset="0xb16a0a" address="0x7ff6401045ea"/>
    <frame level="8" function="pcre2_get_startchar_16" offset="0x6b9ac" address="0x7ff6401ccd7c"/>
    <frame level="9" function="pcre2_get_mark_16" offset="0xadf419" address="0x7ff6400ccff9"/>
    <frame level="10" function="pcre2_get_mark_16" offset="0xb16dda" address="0x7ff6401049ba"/>
    <frame level="11" function="pcre2_get_mark_16" offset="0xb15e7a" address="0x7ff640103a5a"/>
    <frame level="12" function="pcre2_get_mark_16" offset="0xb16a0a" address="0x7ff6401045ea"/>
    <frame level="13" function="pcre2_get_mark_16" offset="0xb1645f" address="0x7ff64010403f"/>
    <frame level="14" function="pcre2_get_mark_16" offset="0xb22b17" address="0x7ff6401106f7"/>
    <frame level="15" function="pcre2_get_startchar_16" offset="0x46ca4" address="0x7ff6401a8074"/>
    <frame level="16" function="pcre2_get_startchar_16" offset="0x46eda" address="0x7ff6401a82aa"/>
    <frame level="17" function="pcre2_set_substitute_callout_16" offset="0x5e1bf" address="0x7ff640296b4f"/>
    <frame level="18" function="pcre2_get_mark_16" offset="0xa9ad70" address="0x7ff640088950"/>
    <frame level="19" function="pcre2_get_mark_16" offset="0xb20ef4" address="0x7ff64010ead4"/>
    <frame level="20" function="pcre2_get_mark_16" offset="0xb15f4f" address="0x7ff640103b2f"/>
    <frame level="21" function="pcre2_get_mark_16" offset="0xb16a9b" address="0x7ff64010467b"/>
    <frame level="22" function="pcre2_get_mark_16" offset="0xb16da1" address="0x7ff640104981"/>
    <frame level="23" function="pcre2_get_mark_16" offset="0xb15e1e" address="0x7ff6401039fe"/>
    <frame level="24" function="pcre2_get_mark_16" offset="0xb15ea9" address="0x7ff640103a89"/>
    <frame level="25" function="pcre2_set_substitute_callout_16" offset="0x1481e" address="0x7ff64024d1ae"/>
    <frame level="26" function="pcre2_get_mark_16" offset="0xb15ecc" address="0x7ff640103aac"/>
    <frame level="27" function="pcre2_get_mark_16" offset="0xb16a0a" address="0x7ff6401045ea"/>
    <frame level="28" function="pcre2_set_substitute_callout_16" offset="0x832d6" address="0x7ff6402bbc66"/>
    <frame level="29" function="pcre2_set_substitute_callout_16" offset="0x1d652b" address="0x7ff64040eebb"/>
    <frame level="30" function="pcre2_set_substitute_callout_16" offset="0x1d6d32" address="0x7ff64040f6c2"/>
    <frame level="31" function="pcre2_set_substitute_callout_16" offset="0x2a4d6" address="0x7ff640262e66"/>
    <frame level="32" function="CallWindowProcW" offset="0x60c" address="0x7ffeed57ef5c"/>
    <frame level="33" function="DispatchMessageW" offset="0x4a4" address="0x7ffeed57e684"/>
    <frame level="34" function="pcre2_set_substitute_callout_16" offset="0x1e7013" address="0x7ff64041f9a3"/>
    <frame level="35" function="pcre2_get_startchar_16" offset="0x46cb3" address="0x7ff6401a8083"/>
    <frame level="36" function="pcre2_get_startchar_16" offset="0x46eda" address="0x7ff6401a82aa"/>
    <frame level="37" function="pcre2_get_mark_16" offset="0xb21d07" address="0x7ff64010f8e7"/>
    <frame level="38" function="pcre2_get_startchar_16" offset="0x40b01" address="0x7ff6401a1ed1"/>
    <frame level="39" function="pcre2_get_mark_16" offset="0xb40f98" address="0x7ff64012eb78"/>
    <frame level="40" function="pcre2_set_substitute_callout_16" offset="0x33d57a" address="0x7ff640575f0a"/>
    <frame level="41" function="BaseThreadInitThunk" offset="0x14" address="0x7ffeed457374"/>
    <frame level="42" function="RtlUserThreadStart" offset="0x21" address="0x7ffeedbdcc91"/>
  </stack>
</report>
