{"channelInputs":{"universe_inputs":[null],"dmx_inputs":[null]},"channelOutputs":{"universes":[null],"falcon_pixelnet_DMX":[[]],"pixel_strings":[null],"pwm":[null],"led_panels":[null],"other":[{"channelOutputs":[{"enabled":1,"type":"LOR","startChannel":1,"channelCount":255,"device":"ttyUSB0","description":"","speed":115200,"firstControllerId":1}]}]},"misc_configs":{"configs":[[]]},"show_setup":{"playlist":[],"schedule":[[""]],"scripts":[]},"settings":{"system_settings":[{"volume":"70","AudioCard0Type":"bcm2","AudioMixerDevice":"PCM","passwordEnable":"0","osPassword":"falcon","osPasswordVerify":"falcon","osPasswordEnable":"0","TimeZone":"US\/Eastern","restartFlag":"0","initialSetup-02":"1","statsPublish":"Enabled","rebootFlag":"0","storageDevice":"","UnpartitionedSpace":"0","AudioCardType":"bcm2835 Headphones","FalconHardwareDetected":"0"}],"commandPresets":[{"commands":[]}],"proxies":[[""]],"timezone":["US\/Eastern"]},"network":{"wired_network":[[""]],"wifi_network":[[""]],"dns":[[""]]},"virtualEEPROM":{"cape-eeprom.bin":[""]},"backup_comment":"Channel output co-other was modified.","backup_trigger_source":null,"fpp_backup_version":"8.0","backup_taken":1725612965,"protected":true,"platform":"Raspberry Pi"}