{"channelInputs":{"universe_inputs":[null],"dmx_inputs":[null]},"channelOutputs":{"universes":[null],"falcon_pixelnet_DMX":[[]],"pixel_strings":[null],"pwm":[null],"led_panels":[null],"other":[null]},"misc_configs":{"configs":[[]]},"show_setup":{"playlist":[],"schedule":[[""]],"scripts":[]},"settings":{"system_settings":[{"storageDevice":"","UnpartitionedSpace":"8.6","volume":"70","AudioCard0Type":"bcm2","AudioMixerDevice":"PCM","AudioCardType":"bcm2835 Headphones","FalconHardwareDetected":"0","passwordEnable":"0","osPassword":"falcon","osPasswordVerify":"falcon","osPasswordEnable":"0","TimeZone":"US\/Eastern"}],"commandPresets":[{"commands":[]}],"proxies":[[""]],"timezone":["US\/Eastern"]},"network":{"wired_network":[[""]],"wifi_network":[[""]],"dns":[[""]]},"virtualEEPROM":{"cape-eeprom.bin":[""]},"backup_comment":"FPP Settings - Setting TimeZone was set to (US\/Eastern).","backup_trigger_source":null,"fpp_backup_version":"8.0","backup_taken":1725611437,"protected":true,"platform":"Raspberry Pi"}