<?xml version="1.0" encoding="UTF-8"?>
<xrgb>
  <models>
    <model DisplayAs="Single Line" StartSide="B" Dir="L" Antialias="1" PixelSize="2" Transparency="0" parm1="1" LayoutGroup="Default" StringType="RGB Nodes" parm2="50" parm3="3" ShadowModelFor="" name="Single Line-8" Controller="Serial_" WorldPosX="153.5474" WorldPosY="515.9323" WorldPosZ="0.0000" X2="673.409424" Y2="2.249023" Z2="0.000000" versionNumber="7" StartChannel="!Serial_:1501">
      <ControllerConnection Port="8" Protocol="LOR Optimised"/>
    </model>
    <model DisplayAs="Single Line" StartSide="B" Dir="L" Antialias="1" PixelSize="2" Transparency="0" parm1="1" LayoutGroup="Default" StringType="RGB Nodes" parm2="50" parm3="3" ShadowModelFor="" name="Single Line-7" Controller="Serial_" WorldPosX="154.2149" WorldPosY="530.5773" WorldPosZ="0.0000" X2="673.409424" Y2="2.249023" Z2="0.000000" versionNumber="7" StartChannel="!Serial_:1351">
      <ControllerConnection Port="7" Protocol="lor optimised"/>
    </model>
    <model DisplayAs="Single Line" StartSide="B" Dir="L" Antialias="1" PixelSize="2" Transparency="0" parm1="1" LayoutGroup="Default" StringType="RGB Nodes" parm3="3" ShadowModelFor="" name="Single Line-6" Controller="Serial_" parm2="100" WorldPosX="152.0249" WorldPosY="546.2698" WorldPosZ="0.0000" X2="673.409424" Y2="2.249023" Z2="0.000000" versionNumber="7" StartChannel="!Serial_:1051">
      <ControllerConnection Port="6" Protocol="LOR Optimised"/>
    </model>
    <model DisplayAs="Single Line" StartSide="B" Dir="L" Antialias="1" PixelSize="2" Transparency="0" parm1="1" LayoutGroup="Default" StringType="RGB Nodes" parm3="3" ShadowModelFor="" name="Single Line-5" Controller="Serial_" parm2="100" WorldPosX="150.8349" WorldPosY="565.1046" WorldPosZ="0.0000" X2="673.409424" Y2="2.249023" Z2="0.000000" versionNumber="7" StartChannel="!Serial_:751">
      <ControllerConnection Port="5" Protocol="LOR Optimised"/>
    </model>
    <model DisplayAs="Single Line" StartSide="B" Dir="L" Antialias="1" PixelSize="2" Transparency="0" parm1="1" LayoutGroup="Default" StringType="RGB Nodes" parm3="3" ShadowModelFor="" name="Single Line-4" Controller="Serial_" parm2="100" WorldPosX="152.2149" WorldPosY="579.7495" WorldPosZ="0.0000" X2="673.409424" Y2="2.249023" Z2="0.000000" versionNumber="7" StartChannel="!Serial_:451">
      <ControllerConnection Port="4" Protocol="LOR Optimised"/>
    </model>
    <model DisplayAs="Single Line" StartSide="B" Dir="L" Antialias="1" PixelSize="2" Transparency="0" parm1="1" LayoutGroup="Default" StringType="RGB Nodes" parm2="50" parm3="3" ShadowModelFor="" name="Single Line-3" Controller="Serial_" WorldPosX="150.2150" WorldPosY="592.2991" WorldPosZ="0.0000" X2="673.409424" Y2="2.249023" Z2="0.000000" versionNumber="7" StartChannel="!Serial_:301">
      <ControllerConnection Port="3" Protocol="LOR Optimised"/>
    </model>
    <model DisplayAs="Single Line" StartSide="B" Dir="L" Antialias="1" PixelSize="2" Transparency="0" parm1="1" LayoutGroup="Default" StringType="RGB Nodes" parm2="50" parm3="3" name="Single Line-2" Controller="Serial_" ShadowModelFor="" WorldPosX="150.5450" WorldPosY="606.9446" WorldPosZ="0.0000" X2="673.409424" Y2="2.249023" Z2="0.000000" versionNumber="7" StartChannel="!Serial_:151">
      <ControllerConnection Port="2" Protocol="lor optimised"/>
    </model>
    <model DisplayAs="Single Line" StartSide="B" Dir="L" Antialias="1" PixelSize="2" Transparency="0" parm1="1" name="Single Line" LayoutGroup="Default" Controller="Serial_" StringType="RGB Nodes" parm2="50" parm3="3" WorldPosX="152.1805" WorldPosY="628.9221" WorldPosZ="0.0000" X2="673.409424" Y2="2.249023" Z2="0.000000" versionNumber="7" StartChannel="!Serial_:1">
      <ControllerConnection Port="1" Protocol="lor optimised"/>
    </model>
  </models>
  <view_objects>
    <view_object DisplayAs="Gridlines" LayoutGroup="Default" name="Gridlines" GridLineSpacing="50" GridWidth="2000.0" GridHeight="1000.0" Active="1" WorldPosX="0.0000" WorldPosY="0.0000" WorldPosZ="0.0000" ScaleX="1.0000" ScaleY="1.0000" ScaleZ="1.0000" RotateX="-90.00000000" RotateY="-0.00000000" RotateZ="0.00000000" versionNumber="7"/>
  </view_objects>
  <effects version="0007"/>
  <views/>
  <palettes/>
  <modelGroups>
    <modelGroup selected="0" name="Everything" layout="minimalGrid" GridSize="400" LayoutGroup="Default" models="Single Line,Single Line-2,Single Line-3,Single Line-4,Single Line-5,Single Line-6,Single Line-7,Single Line-8" centrex="488.920227" centrey="573.554321" centreDefined="0" centreMinx="150" centreMiny="515" centreMaxx="827" centreMaxy="631"/>
  </modelGroups>
  <layoutGroups/>
  <perspectives current="Default Perspective">
    <perspective name="Default Perspective" settings="layout2|name=ModelPreview;caption=Model Preview;state=6293440;dir=4;layer=1;row=0;pos=0;prop=100000;bestw=250;besth=250;minw=-1;minh=-1;maxw=-1;maxh=-1;floatx=-1;floaty=-1;floatw=-1;floath=-1|name=HousePreview;caption=House Preview;state=6293440;dir=4;layer=1;row=0;pos=1;prop=100000;bestw=250;besth=250;minw=-1;minh=-1;maxw=-1;maxh=-1;floatx=-1;floaty=-1;floatw=-1;floath=-1|name=EffectAssist;caption=Effect Assist;state=2099198;dir=4;layer=1;row=0;pos=2;prop=100000;bestw=250;besth=250;minw=-1;minh=-1;maxw=-1;maxh=-1;floatx=-1;floaty=-1;floatw=-1;floath=-1|name=DisplayElements;caption=Display Elements;state=6293503;dir=4;layer=0;row=0;pos=0;prop=100000;bestw=750;besth=1050;minw=-1;minh=-1;maxw=-1;maxh=-1;floatx=-1;floaty=-1;floatw=750;floath=1050|name=Perspectives;caption=Perspectives;state=2099198;dir=4;layer=1;row=0;pos=0;prop=100000;bestw=20;besth=20;minw=-1;minh=-1;maxw=-1;maxh=-1;floatx=-1;floaty=-1;floatw=-1;floath=-1|name=Effect;caption=Effect Settings;state=2099196;dir=4;layer=0;row=1;pos=0;prop=100000;bestw=447;besth=829;minw=-1;minh=-1;maxw=-1;maxh=-1;floatx=-1;floaty=-1;floatw=-1;floath=-1|name=SelectEffect;caption=Select Effects;state=2099198;dir=4;layer=1;row=0;pos=0;prop=100000;bestw=471;besth=378;minw=-1;minh=-1;maxw=-1;maxh=-1;floatx=-1;floaty=-1;floatw=-1;floath=-1|name=SearchPanel;caption=Search Panel;state=2099198;dir=4;layer=1;row=0;pos=0;prop=100000;bestw=574;besth=376;minw=-1;minh=-1;maxw=-1;maxh=-1;floatx=-1;floaty=-1;floatw=-1;floath=-1|name=EffectDropper;caption=Effects;state=2099198;dir=1;layer=0;row=0;pos=0;prop=100000;bestw=1260;besth=756;minw=-1;minh=-1;maxw=-1;maxh=-1;floatx=-1;floaty=-1;floatw=-1;floath=-1|name=ValueCurveDropper;caption=Value Curves;state=2099198;dir=1;layer=0;row=0;pos=0;prop=100000;bestw=40;besth=40;minw=-1;minh=-1;maxw=-1;maxh=-1;floatx=-1;floaty=-1;floatw=-1;floath=-1|name=ColourDropper;caption=Colours;state=2099198;dir=1;layer=0;row=0;pos=0;prop=100000;bestw=20;besth=36;minw=-1;minh=-1;maxw=-1;maxh=-1;floatx=-1;floaty=-1;floatw=-1;floath=-1|name=Jukebox;caption=Jukebox;state=2099198;dir=1;layer=0;row=0;pos=0;prop=100000;bestw=100;besth=200;minw=-1;minh=-1;maxw=-1;maxh=-1;floatx=-1;floaty=-1;floatw=-1;floath=-1|name=FindData;caption=Find Data;state=2099198;dir=1;layer=0;row=0;pos=0;prop=100000;bestw=20;besth=20;minw=-1;minh=-1;maxw=-1;maxh=-1;floatx=-1;floaty=-1;floatw=-1;floath=-1|name=Color;caption=Color;state=2099196;dir=1;layer=0;row=0;pos=0;prop=100000;bestw=368;besth=351;minw=-1;minh=-1;maxw=-1;maxh=-1;floatx=-1;floaty=-1;floatw=-1;floath=-1|name=LayerTiming;caption=Layer Blending;state=2099196;dir=1;layer=0;row=0;pos=1;prop=100000;bestw=280;besth=282;minw=-1;minh=-1;maxw=-1;maxh=-1;floatx=-1;floaty=-1;floatw=-1;floath=-1|name=LayerSettings;caption=Layer Settings;state=2099196;dir=1;layer=0;row=0;pos=2;prop=100000;bestw=20;besth=20;minw=-1;minh=-1;maxw=-1;maxh=-1;floatx=-1;floaty=-1;floatw=-1;floath=-1|name=SequenceVideo;caption=Sequence Video;state=2099199;dir=4;layer=0;row=0;pos=0;prop=100000;bestw=280;besth=169;minw=-1;minh=-1;maxw=-1;maxh=-1;floatx=52;floaty=52;floatw=296;floath=208|name=Main Sequencer;caption=Main Sequencer;state=768;dir=5;layer=0;row=0;pos=0;prop=100000;bestw=118;besth=50;minw=-1;minh=-1;maxw=-1;maxh=-1;floatx=-1;floaty=-1;floatw=-1;floath=-1|dock_size(4,1,0)=252|dock_size(4,0,1)=340|dock_size(1,0,0)=86|dock_size(5,0,0)=120|" version="2.0"/>
  </perspectives>
  <settings>
    <LayoutMode3D value="0"/>
    <storedLayoutGroup value="Default"/>
    <previewWidth value="1280"/>
    <previewHeight value="720"/>
  </settings>
  <colors>
    <DisabledEffect Red="200" Green="200" Blue="0"/>
    <EffectDefault Red="192" Green="192" Blue="192"/>
    <EffectSelected Red="204" Green="102" Blue="255"/>
    <EffectSelectedDisabled Red="200" Green="200" Blue="64"/>
    <EffectSelectedFixed Red="255" Green="128" Blue="0"/>
    <EffectSelectedLocked Red="200" Green="128" Blue="152"/>
    <GridDashes Red="255" Green="255" Blue="0"/>
    <Gridlines Red="40" Green="40" Blue="40"/>
    <LabelOutline Red="103" Green="103" Blue="103"/>
    <Labels Red="255" Green="255" Blue="204"/>
    <LayoutDashes Red="255" Green="255" Blue="0"/>
    <LockedEffect Red="200" Green="0" Blue="0"/>
    <ModelDefault Red="211" Green="211" Blue="211"/>
    <ModelOverlap Red="255" Green="0" Blue="0"/>
    <ModelSelected Red="255" Green="255" Blue="0"/>
    <Phonemes Red="255" Green="181" Blue="218"/>
    <Phrases Red="153" Green="255" Blue="153"/>
    <ReferenceEffect Red="255" Green="0" Blue="255"/>
    <ReferenceEffectDisabled Red="255" Green="255" Blue="127"/>
    <ReferenceEffectLocked Red="255" Green="0" Blue="127"/>
    <RowHeaderSelected Red="130" Green="178" Blue="207"/>
    <TextHighlighted Red="0" Green="0" Blue="255"/>
    <TextUnselected Red="211" Green="211" Blue="211"/>
    <Timing1 Red="0" Green="255" Blue="255"/>
    <Timing2 Red="255" Green="0" Blue="0"/>
    <Timing3 Red="0" Green="255" Blue="0"/>
    <Timing4 Red="0" Green="0" Blue="255"/>
    <Timing5 Red="255" Green="255" Blue="0"/>
    <TimingDefault Red="255" Green="255" Blue="255"/>
    <Waveform Red="130" Green="178" Blue="207"/>
    <WaveformMouseMarker Red="0" Green="0" Blue="255"/>
    <WaveformSelected Red="0" Green="0" Blue="200"/>
    <WaveformSelectedEffect Red="255" Green="128" Blue="0"/>
    <Words Red="255" Green="218" Blue="145"/>
  </colors>
  <Viewpoints/>
</xrgb>
