<?xml version="1.0" encoding="UTF-8"?>
<report version="1.0" kind="exception">
  <system description="Windows 10 (build 19045), 64-bit edition"/>
  <modules>
    <module path="C:\Program Files\xLights\xLights.exe" address="0x7ff7bea20000" size="0x2c15000"/>
    <module path="C:\Windows\SYSTEM32\ntdll.dll" address="0x7ffe1ecf0000" size="0x1f8000" version="10.0.19041.4842"/>
    <module path="C:\Windows\System32\KERNEL32.DLL" address="0x7ffe1dfd0000" size="0xc1000" version="10.0.19041.4842"/>
    <module path="C:\Windows\System32\KERNELBASE.dll" address="0x7ffe1c680000" size="0x2fd000" version="10.0.19041.4842"/>
    <module path="C:\Windows\System32\USER32.dll" address="0x7ffe1ea30000" size="0x19d000" version="10.0.19041.4717"/>
    <module path="C:\Windows\System32\win32u.dll" address="0x7ffe1c3a0000" size="0x22000" version="10.0.19041.4894"/>
    <module path="C:\Windows\System32\GDI32.dll" address="0x7ffe1ce20000" size="0x2b000" version="10.0.19041.4474"/>
    <module path="C:\Windows\System32\gdi32full.dll" address="0x7ffe1cc00000" size="0x117000" version="10.0.19041.4717"/>
    <module path="C:\Windows\System32\msvcp_win.dll" address="0x7ffe1cb60000" size="0x9d000" version="10.0.19041.3636"/>
    <module path="C:\Windows\System32\ucrtbase.dll" address="0x7ffe1c3d0000" size="0x100000" version="10.0.19041.3636"/>
    <module path="C:\Windows\System32\ADVAPI32.dll" address="0x7ffe1db90000" size="0xb0000" version="10.0.19041.4597"/>
    <module path="C:\Windows\System32\msvcrt.dll" address="0x7ffe1dd20000" size="0x9e000" version="7.0.19041.3636"/>
    <module path="C:\Windows\System32\sechost.dll" address="0x7ffe1e510000" size="0xa0000" version="10.0.19041.4597"/>
    <module path="C:\Windows\System32\RPCRT4.dll" address="0x7ffe1da60000" size="0x123000" version="10.0.19041.4597"/>
    <module path="C:\Windows\System32\bcrypt.dll" address="0x7ffe1c9d0000" size="0x27000" version="10.0.19041.3636"/>
    <module path="C:\Windows\System32\ole32.dll" address="0x7ffe1d760000" size="0x12b000" version="10.0.19041.4355"/>
    <module path="C:\Windows\System32\combase.dll" address="0x7ffe1e6d0000" size="0x353000" version="10.0.19041.4717"/>
    <module path="C:\Windows\System32\WS2_32.dll" address="0x7ffe1d990000" size="0x6b000" version="10.0.19041.3636"/>
    <module path="C:\Windows\System32\SHLWAPI.dll" address="0x7ffe1da00000" size="0x55000" version="10.0.19041.4355"/>
    <module path="C:\Windows\System32\COMDLG32.dll" address="0x7ffe1d890000" size="0xda000" version="10.0.19041.4355"/>
    <module path="C:\Windows\WinSxS\amd64_microsoft.windows.common-controls_6595b64144ccf1df_6.0.19041.4355_none_60b8b9eb71f62e16\COMCTL32.dll" address="0x7ffe10aa0000" size="0x29a000" version="6.10.19041.4355"/>
    <module path="C:\Windows\System32\shcore.dll" address="0x7ffe1d650000" size="0xad000" version="10.0.19041.4522"/>
    <module path="C:\Windows\SYSTEM32\MSVCP140.dll" address="0x7ffdf8a70000" size="0x8d000" version="14.40.33816.0"/>
    <module path="C:\Windows\System32\SHELL32.dll" address="0x7ffe1cee0000" size="0x76f000" version="10.0.19041.4894"/>
    <module path="C:\Windows\SYSTEM32\OLEACC.dll" address="0x7ffdffc60000" size="0x66000" version="7.2.19041.3636"/>
    <module path="C:\Windows\SYSTEM32\UxTheme.dll" address="0x7ffe19e30000" size="0x9e000" version="10.0.19041.4529"/>
    <module path="C:\Windows\System32\OLEAUT32.dll" address="0x7ffe1dc50000" size="0xcd000" version="10.0.19041.3636"/>
    <module path="C:\Windows\SYSTEM32\IPHLPAPI.DLL" address="0x7ffe1b7c0000" size="0x3b000" version="10.0.19041.3636"/>
    <module path="C:\Program Files\xLights\hidapi.dll" address="0x7ffe067e0000" size="0x1e000"/>
    <module path="C:\Windows\System32\SETUPAPI.dll" address="0x7ffe1e0a0000" size="0x46e000" version="10.0.19041.4355"/>
    <module path="C:\Windows\System32\cfgmgr32.dll" address="0x7ffe1c980000" size="0x4e000" version="10.0.19041.3996"/>
    <module path="C:\Program Files\xLights\avutil-58.dll" address="0x7ffdcf350000" size="0x124a000" version="58.29.100.0"/>
    <module path="C:\Program Files\xLights\swresample-4.dll" address="0x7ffdf7e20000" size="0xa8000" version="4.12.100.0"/>
    <module path="C:\Program Files\xLights\avcodec-60.dll" address="0x7ffdc9df0000" size="0x5553000" version="60.31.102.0"/>
    <module path="C:\Program Files\xLights\swscale-7.dll" address="0x7ffdf73d0000" size="0xae000" version="7.5.100.0"/>
    <module path="C:\Windows\SYSTEM32\VERSION.dll" address="0x7ffe177c0000" size="0xa000" version="10.0.19041.3636"/>
    <module path="C:\Windows\SYSTEM32\MSIMG32.dll" address="0x7ffe116f0000" size="0x7000" version="10.0.19041.3636"/>
    <module path="C:\Windows\SYSTEM32\OPENGL32.dll" address="0x7ffdf17b0000" size="0x128000" version="10.0.19041.4842"/>
    <module path="C:\Windows\SYSTEM32\VCRUNTIME140_1.dll" address="0x7ffe14c80000" size="0xc000" version="14.40.33816.0"/>
    <module path="C:\Windows\SYSTEM32\VCRUNTIME140.dll" address="0x7ffe02440000" size="0x1e000" version="14.40.33816.0"/>
    <module path="C:\Windows\SYSTEM32\WINSPOOL.DRV" address="0x7ffe10fe0000" size="0xa4000" version="10.0.19041.4597"/>
    <module path="C:\Windows\SYSTEM32\d2d1.dll" address="0x7ffe16470000" size="0x5c0000" version="10.0.19041.4355"/>
    <module path="C:\Windows\SYSTEM32\DWrite.dll" address="0x7ffe08080000" size="0x27f000" version="10.0.19041.4355"/>
    <module path="C:\Windows\SYSTEM32\GLU32.dll" address="0x7ffdf1730000" size="0x2c000" version="10.0.19041.3636"/>
    <module path="C:\Program Files\xLights\SDL2.dll" address="0x6c740000" size="0x151000" version="2.0.8.0"/>
    <module path="C:\Windows\System32\IMM32.dll" address="0x7ffe1ebd0000" size="0x2f000" version="10.0.19041.4474"/>
    <module path="C:\Windows\SYSTEM32\WINMM.dll" address="0x7ffe12ab0000" size="0x27000" version="10.0.19041.3636"/>
    <module path="C:\Program Files\xLights\avformat-60.dll" address="0x7ffdc8c90000" size="0x1151000" version="60.16.100.0"/>
    <module path="C:\Windows\System32\CRYPT32.dll" address="0x7ffe1ca00000" size="0x15c000" version="10.0.19041.4894"/>
    <module path="C:\Windows\SYSTEM32\ncrypt.dll" address="0x7ffe1be40000" size="0x29000" version="10.0.19041.4412"/>
    <module path="C:\Windows\SYSTEM32\CRYPTBASE.DLL" address="0x7ffe1bd40000" size="0xc000" version="10.0.19041.3636"/>
    <module path="C:\Program Files\xLights\libcurl-x64.dll" address="0x7ffdc8750000" size="0x538000" version="7.80.0.0"/>
    <module path="C:\Windows\System32\WLDAP32.dll" address="0x7ffe1cda0000" size="0x5d000" version="10.0.19041.4474"/>
    <module path="C:\Windows\System32\bcryptPrimitives.dll" address="0x7ffe1c580000" size="0x82000" version="10.0.19041.3636"/>
    <module path="C:\Windows\SYSTEM32\NTASN1.dll" address="0x7ffe1be00000" size="0x3b000" version="10.0.19041.3636"/>
    <module path="C:\Windows\SYSTEM32\DEVOBJ.dll" address="0x7ffe1c130000" size="0x33000" version="10.0.19041.4355"/>
    <module path="C:\Windows\System32\WINTRUST.dll" address="0x7ffe1c610000" size="0x69000" version="10.0.19041.4780"/>
    <module path="C:\Windows\SYSTEM32\MSASN1.dll" address="0x7ffe1bf60000" size="0x12000" version="10.0.19041.3636"/>
    <module path="C:\Windows\SYSTEM32\kernel.appcore.dll" address="0x7ffe1a220000" size="0x12000" version="10.0.19041.3758"/>
    <module path="C:\Windows\System32\clbcatq.dll" address="0x7ffe1ec00000" size="0xa9000" version="2001.12.10941.16384"/>
    <module path="C:\Windows\System32\MMDevApi.dll" address="0x7ffe16390000" size="0x85000" version="10.0.19041.4355"/>
    <module path="C:\Windows\SYSTEM32\DSOUND.DLL" address="0x7ffdf8b10000" size="0x9c000" version="10.0.19041.4355"/>
    <module path="C:\Windows\SYSTEM32\powrprof.dll" address="0x7ffe1b930000" size="0x4b000" version="10.0.19041.3636"/>
    <module path="C:\Windows\SYSTEM32\winmmbase.dll" address="0x7ffe13290000" size="0x26000" version="10.0.19041.1"/>
    <module path="C:\Windows\SYSTEM32\UMPDC.dll" address="0x7ffe1b7a0000" size="0x12000"/>
    <module path="C:\Windows\SYSTEM32\wdmaud.drv" address="0x7ffdfadd0000" size="0x46000" version="10.0.19041.4355"/>
    <module path="C:\Windows\SYSTEM32\AVRT.dll" address="0x7ffe16420000" size="0xa000" version="10.0.19041.3636"/>
    <module path="C:\Windows\SYSTEM32\ksuser.dll" address="0x7ffe111f0000" size="0x9000" version="10.0.19041.1"/>
    <module path="C:\Windows\SYSTEM32\AUDIOSES.DLL" address="0x7ffe16ca0000" size="0x181000" version="10.0.19041.4355"/>
    <module path="C:\Windows\SYSTEM32\msacm32.drv" address="0x7ffe07c20000" size="0xd000" version="10.0.19041.3636"/>
    <module path="C:\Windows\SYSTEM32\MSACM32.dll" address="0x7ffe190e0000" size="0x1e000" version="10.0.19041.1"/>
    <module path="C:\Windows\SYSTEM32\midimap.dll" address="0x7ffe01bb0000" size="0xb000" version="10.0.19041.3636"/>
    <module path="C:\Windows\SYSTEM32\mfplat.dll" address="0x7ffdf7210000" size="0x1bc000" version="10.0.19041.4597"/>
    <module path="C:\Windows\SYSTEM32\RTWorkQ.DLL" address="0x7ffdf71d0000" size="0x34000" version="10.0.19041.4842"/>
    <module path="C:\Windows\SYSTEM32\mfreadwrite.dll" address="0x7ffdd7ea0000" size="0x10a000" version="10.0.19041.3636"/>
    <module path="C:\Windows\SYSTEM32\d3d11.dll" address="0x7ffe16a30000" size="0x263000" version="10.0.19041.4355"/>
    <module path="C:\Windows\SYSTEM32\dxgi.dll" address="0x7ffe1ac70000" size="0xf6000" version="10.0.19041.4842"/>
    <module path="C:\Windows\System32\MSCTF.dll" address="0x7ffe1e5b0000" size="0x115000" version="10.0.19041.4842"/>
    <module path="C:\Windows\SYSTEM32\textinputframework.dll" address="0x7ffe0aa00000" size="0xf9000" version="10.0.19041.4651"/>
    <module path="C:\Windows\SYSTEM32\CoreMessaging.dll" address="0x7ffe18590000" size="0xf2000" version="10.0.19041.4355"/>
    <module path="C:\Windows\SYSTEM32\CoreUIComponents.dll" address="0x7ffe18030000" size="0x35b000" version="10.0.19041.3636"/>
    <module path="C:\Windows\SYSTEM32\ntmarta.dll" address="0x7ffe1b630000" size="0x33000" version="10.0.19041.3636"/>
    <module path="C:\Windows\SYSTEM32\wintypes.dll" address="0x7ffe18a70000" size="0x157000" version="10.0.19041.4717"/>
    <module path="C:\Windows\SYSTEM32\windows.storage.dll" address="0x7ffe1a420000" size="0x7a3000" version="10.0.19041.4894"/>
    <module path="C:\Windows\SYSTEM32\Wldp.dll" address="0x7ffe1bdd0000" size="0x2e000" version="10.0.19041.4780"/>
    <module path="C:\Windows\SYSTEM32\WindowsCodecs.dll" address="0x7ffe19b20000" size="0x1b6000" version="10.0.19041.4648"/>
    <module path="C:\Windows\SYSTEM32\profapi.dll" address="0x7ffe1c2d0000" size="0x24000" version="10.0.19041.4355"/>
    <module path="C:\Windows\SYSTEM32\TextShaping.dll" address="0x7ffe07d60000" size="0xac000"/>
    <module path="C:\Windows\system32\explorerframe.dll" address="0x7ffdf6e00000" size="0x255000" version="10.0.19041.4842"/>
    <module path="C:\Windows\System32\AppXDeploymentClient.dll" address="0x7ffe139a0000" size="0x102000" version="10.0.19041.4717"/>
    <module path="C:\Windows\System32\DriverStore\FileRepository\iigd_dch.inf_amd64_7e4c89172c474331\ig9icd64.dll" address="0x7ffdc76a0000" size="0x10a5000" version="30.0.101.3111"/>
    <module path="C:\Windows\system32\dwmapi.dll" address="0x7ffe1a110000" size="0x2f000" version="10.0.19041.4355"/>
    <module path="C:\Windows\System32\DriverStore\FileRepository\iigd_dch.inf_amd64_7e4c89172c474331\igdml64.dll" address="0x7ffdc7560000" size="0x13c000" version="30.0.101.3111"/>
    <module path="C:\Windows\System32\DriverStore\FileRepository\iigd_dch.inf_amd64_7e4c89172c474331\igdgmm64.dll" address="0x7ffe0ec90000" size="0x409000" version="30.0.101.3111"/>
    <module path="C:\Windows\System32\DriverStore\FileRepository\iigd_dch.inf_amd64_7e4c89172c474331\igc64.dll" address="0x7ffe0b4f0000" size="0x3794000" version="30.0.101.3111"/>
    <module path="C:\Windows\system32\dataexchange.dll" address="0x7ffdf7060000" size="0x3e000" version="10.0.19041.4355"/>
    <module path="C:\Windows\system32\dcomp.dll" address="0x7ffe171d0000" size="0x1e4000" version="10.0.19041.4597"/>
    <module path="C:\Windows\system32\twinapi.appcore.dll" address="0x7ffe14510000" size="0x203000" version="10.0.19041.4597"/>
    <module path="C:\Program Files\Common Files\microsoft shared\ink\tiptsf.dll" address="0x7ffdecb30000" size="0xa9000" version="10.0.19041.4355"/>
    <module path="C:\Windows\System32\NSI.dll" address="0x7ffe1d970000" size="0x8000" version="10.0.19041.3636"/>
    <module path="C:\Windows\SYSTEM32\dhcpcsvc.DLL" address="0x7ffe156d0000" size="0x1d000" version="10.0.19041.3636"/>
    <module path="C:\Windows\system32\napinsp.dll" address="0x7ffdfd050000" size="0x17000" version="10.0.19041.3636"/>
    <module path="C:\Windows\system32\pnrpnsp.dll" address="0x7ffdf90b0000" size="0x1b000" version="10.0.19041.3636"/>
    <module path="C:\Windows\system32\wshbth.dll" address="0x7ffe18fa0000" size="0x15000" version="10.0.19041.3636"/>
    <module path="C:\Windows\system32\NLAapi.dll" address="0x7ffe158d0000" size="0x1d000" version="10.0.19041.4123"/>
    <module path="C:\Windows\System32\mswsock.dll" address="0x7ffe1bb30000" size="0x6a000" version="10.0.19041.3636"/>
    <module path="C:\Windows\SYSTEM32\DNSAPI.dll" address="0x7ffe1b800000" size="0xca000" version="10.0.19041.4474"/>
    <module path="C:\Windows\System32\winrnr.dll" address="0x7ffdf8a50000" size="0x12000" version="10.0.19041.3636"/>
    <module path="C:\Windows\System32\fwpuclnt.dll" address="0x7ffe11610000" size="0x80000" version="10.0.19041.4123"/>
    <module path="C:\Windows\System32\rasadhlp.dll" address="0x7ffe11540000" size="0xa000" version="10.0.19041.3636"/>
    <module path="C:\Windows\system32\Ninput.dll" address="0x7ffe13860000" size="0x6a000" version="10.0.19041.4355"/>
    <module path="C:\Windows\SYSTEM32\dbghelp.dll" address="0x7ffe12fb0000" size="0x1e4000" version="10.0.19041.3636"/>
    <module path="C:\Windows\SYSTEM32\dbgcore.DLL" address="0x7ffe13230000" size="0x34000" version="10.0.19041.4355"/>
  </modules>
  <context>
    <exception code="0xc0000005" name="ACCESS_VIOLATION" address="0x7ff7bf50c4bd"/>
  </context>
  <stack>
    <frame level="0" function="pcre2_get_mark_16" offset="0x88e8dd" address="0x7ff7bf50c4bd"/>
    <frame level="1" function="pcre2_get_mark_16" offset="0x7fab2e" address="0x7ff7bf47870e"/>
    <frame level="2" function="pcre2_get_mark_16" offset="0xa9430c" address="0x7ff7bf711eec"/>
    <frame level="3" function="pcre2_get_mark_16" offset="0xb20ef4" address="0x7ff7bf79ead4"/>
    <frame level="4" function="pcre2_get_mark_16" offset="0xb15f4f" address="0x7ff7bf793b2f"/>
    <frame level="5" function="pcre2_get_mark_16" offset="0xb16a9b" address="0x7ff7bf79467b"/>
    <frame level="6" function="pcre2_get_mark_16" offset="0xb16da1" address="0x7ff7bf794981"/>
    <frame level="7" function="pcre2_get_mark_16" offset="0xb15e7a" address="0x7ff7bf793a5a"/>
    <frame level="8" function="pcre2_get_mark_16" offset="0xb16a0a" address="0x7ff7bf7945ea"/>
    <frame level="9" function="pcre2_set_substitute_callout_16" offset="0xca17" address="0x7ff7bf8d53a7"/>
    <frame level="10" function="pcre2_set_substitute_callout_16" offset="0x1d6c6f" address="0x7ff7bfa9f5ff"/>
    <frame level="11" function="pcre2_set_substitute_callout_16" offset="0x2a4d6" address="0x7ff7bf8f2e66"/>
    <frame level="12" function="CallWindowProcW" offset="0x60c" address="0x7ffe1ea3ef5c"/>
    <frame level="13" function="DispatchMessageW" offset="0x6ec" address="0x7ffe1ea3e8cc"/>
    <frame level="14" function="SendMessageTimeoutW" offset="0x143" address="0x7ffe1ea510c3"/>
    <frame level="15" function="KiUserCallbackDispatcher" offset="0x24" address="0x7ffe1ed913e4"/>
    <frame level="16" function="NtUserMessageCall" offset="0x14" address="0x7ffe1c3a1124"/>
    <frame level="17" function="GetWindowTextW" offset="0x845" address="0x7ffe1ea3cbd5"/>
    <frame level="18" function="IsIconic" offset="0xbf" address="0x7ffe1ea3c34f"/>
    <frame level="19" function="GetUserColorPreference" offset="0x1242" address="0x7ffe19e3dfa2"/>
    <frame level="20" function="Ordinal96" offset="0x4c2" address="0x7ffe19e37092"/>
    <frame level="21" function="IsCompositionActive" offset="0x1fc9" address="0x7ffe19e40099"/>
    <frame level="22" function="IsCompositionActive" offset="0x1a31" address="0x7ffe19e3fb01"/>
    <frame level="23" function="GetWindowTextW" offset="0x42e" address="0x7ffe1ea3c7be"/>
    <frame level="24" function="pcre2_set_substitute_callout_16" offset="0x1f3ba" address="0x7ff7bf8e7d4a"/>
    <frame level="25" function="pcre2_set_substitute_callout_16" offset="0x24a80" address="0x7ff7bf8ed410"/>
    <frame level="26" function="pcre2_set_substitute_callout_16" offset="0x778d5" address="0x7ff7bf940265"/>
    <frame level="27" function="pcre2_set_substitute_callout_16" offset="0x4cdaa" address="0x7ff7bf91573a"/>
    <frame level="28" function="pcre2_set_substitute_callout_16" offset="0x1d6dc2" address="0x7ff7bfa9f752"/>
    <frame level="29" function="pcre2_set_substitute_callout_16" offset="0x2a4d6" address="0x7ff7bf8f2e66"/>
    <frame level="30" function="CallWindowProcW" offset="0x60c" address="0x7ffe1ea3ef5c"/>
    <frame level="31" function="DispatchMessageW" offset="0x6ec" address="0x7ffe1ea3e8cc"/>
    <frame level="32" function="SendMessageTimeoutW" offset="0x143" address="0x7ffe1ea510c3"/>
    <frame level="33" function="KiUserCallbackDispatcher" offset="0x24" address="0x7ffe1ed913e4"/>
    <frame level="34" function="NtUserPeekMessage" offset="0x14" address="0x7ffe1c3a1064"/>
    <frame level="35" function="PeekMessageW" offset="0x1e3" address="0x7ffe1ea3a333"/>
    <frame level="36" function="PeekMessageW" offset="0x143" address="0x7ffe1ea3a293"/>
    <frame level="37" function="Ordinal211" offset="0x5d95" address="0x7ffe1cfc4f55"/>
    <frame level="38" function="Ordinal211" offset="0x32ea" address="0x7ffe1cfc24aa"/>
    <frame level="39" function="DefSubclassProc" offset="0x14a" address="0x7ffe10b29aaa"/>
    <frame level="40" function="DSA_Create" offset="0x1927" address="0x7ffe10b298a7"/>
    <frame level="41" function="CallWindowProcW" offset="0x60c" address="0x7ffe1ea3ef5c"/>
    <frame level="42" function="DispatchMessageW" offset="0x6ec" address="0x7ffe1ea3e8cc"/>
    <frame level="43" function="SendMessageTimeoutW" offset="0x143" address="0x7ffe1ea510c3"/>
    <frame level="44" function="KiUserCallbackDispatcher" offset="0x24" address="0x7ffe1ed913e4"/>
    <frame level="45" function="NtUserDestroyWindow" offset="0x14" address="0x7ffe1c3a2384"/>
    <frame level="46" function="pcre2_set_substitute_callout_16" offset="0x16633" address="0x7ff7bf8defc3"/>
    <frame level="47" function="pcre2_set_substitute_callout_16" offset="0x97874" address="0x7ff7bf960204"/>
    <frame level="48" function="pcre2_set_substitute_callout_16" offset="0xcf30" address="0x7ff7bf8d58c0"/>
    <frame level="49" function="pcre2_set_substitute_callout_16" offset="0x1661d" address="0x7ff7bf8defad"/>
    <frame level="50" function="pcre2_set_recursion_memory_management_16" offset="0x67be4" address="0x7ff7beb0aaa4"/>
    <frame level="51" function="pcre2_set_substitute_callout_16" offset="0xcf30" address="0x7ff7bf8d58c0"/>
    <frame level="52" function="pcre2_set_substitute_callout_16" offset="0x1661d" address="0x7ff7bf8defad"/>
    <frame level="53" function="pcre2_get_mark_16" offset="0x3d7af5" address="0x7ff7bf0556d5"/>
    <frame level="54" function="pcre2_set_substitute_callout_16" offset="0xcf30" address="0x7ff7bf8d58c0"/>
    <frame level="55" function="pcre2_set_substitute_callout_16" offset="0x1661d" address="0x7ff7bf8defad"/>
    <frame level="56" function="pcre2_set_recursion_memory_management_16" offset="0x90bfe" address="0x7ff7beb33abe"/>
    <frame level="57" function="pcre2_set_substitute_callout_16" offset="0xcf30" address="0x7ff7bf8d58c0"/>
    <frame level="58" function="pcre2_set_substitute_callout_16" offset="0x1661d" address="0x7ff7bf8defad"/>
    <frame level="59" function="pcre2_get_mark_16" offset="0x33a769" address="0x7ff7befb8349"/>
    <frame level="60" function="pcre2_set_substitute_callout_16" offset="0xcf30" address="0x7ff7bf8d58c0"/>
    <frame level="61" function="pcre2_set_substitute_callout_16" offset="0x1661d" address="0x7ff7bf8defad"/>
    <frame level="62" function="pcre2_get_mark_16" offset="0x33b4b3" address="0x7ff7befb9093"/>
    <frame level="63" function="pcre2_set_substitute_callout_16" offset="0xcf30" address="0x7ff7bf8d58c0"/>
    <frame level="64" function="pcre2_set_substitute_callout_16" offset="0x1661d" address="0x7ff7bf8defad"/>
    <frame level="65" function="pcre2_get_mark_16" offset="0x985843" address="0x7ff7bf603423"/>
    <frame level="66" function="pcre2_set_substitute_callout_16" offset="0xcf30" address="0x7ff7bf8d58c0"/>
    <frame level="67" function="pcre2_set_substitute_callout_16" offset="0x1661d" address="0x7ff7bf8defad"/>
    <frame level="68" function="pcre2_set_recursion_memory_management_16" offset="0x5d429" address="0x7ff7beb002e9"/>
    <frame level="69" function="pcre2_set_substitute_callout_16" offset="0xce28" address="0x7ff7bf8d57b8"/>
    <frame level="70" function="pcre2_set_substitute_callout_16" offset="0x2d310f" address="0x7ff7bfb9ba9f"/>
    <frame level="71" function="pcre2_set_substitute_callout_16" offset="0x2d2fcf" address="0x7ff7bfb9b95f"/>
    <frame level="72" function="pcre2_get_mark_16" offset="0xa8fb57" address="0x7ff7bf70d737"/>
    <frame level="73" function="pcre2_get_mark_16" offset="0xa8ec54" address="0x7ff7bf70c834"/>
    <frame level="74" function="pcre2_get_mark_16" offset="0xb2146b" address="0x7ff7bf79f04b"/>
    <frame level="75" function="pcre2_get_mark_16" offset="0xb22a70" address="0x7ff7bf7a0650"/>
    <frame level="76" function="pcre2_set_substitute_callout_16" offset="0x1a59c7" address="0x7ff7bfa6e357"/>
    <frame level="77" function="pcre2_get_startchar_16" offset="0x46e59" address="0x7ff7bf838229"/>
    <frame level="78" function="pcre2_get_startchar_16" offset="0x46c85" address="0x7ff7bf838055"/>
    <frame level="79" function="pcre2_get_startchar_16" offset="0x46eda" address="0x7ff7bf8382aa"/>
    <frame level="80" function="pcre2_get_mark_16" offset="0xb21d07" address="0x7ff7bf79f8e7"/>
    <frame level="81" function="pcre2_get_startchar_16" offset="0x40b01" address="0x7ff7bf831ed1"/>
    <frame level="82" function="pcre2_get_mark_16" offset="0xb40f98" address="0x7ff7bf7beb78"/>
    <frame level="83" function="pcre2_set_substitute_callout_16" offset="0x33d57a" address="0x7ff7bfc05f0a"/>
    <frame level="84" function="BaseThreadInitThunk" offset="0x14" address="0x7ffe1dfe7374"/>
    <frame level="85" function="RtlUserThreadStart" offset="0x21" address="0x7ffe1ed3cc91"/>
  </stack>
</report>
