<?xml version="1.0" encoding="UTF-8"?>
<report version="1.0" kind="exception">
  <system description="Windows 10 (build 19045), 64-bit edition"/>
  <modules>
    <module path="C:\Program Files\xLights\xLights.exe" address="0x7ff6932f0000" size="0x2c15000"/>
    <module path="C:\Windows\SYSTEM32\ntdll.dll" address="0x7fff97b10000" size="0x1f8000" version="10.0.19041.4842"/>
    <module path="C:\Windows\System32\KERNEL32.DLL" address="0x7fff96d80000" size="0xc1000" version="10.0.19041.4842"/>
    <module path="C:\Windows\System32\KERNELBASE.dll" address="0x7fff95810000" size="0x2fd000" version="10.0.19041.4842"/>
    <module path="C:\Windows\System32\USER32.dll" address="0x7fff97930000" size="0x19d000" version="10.0.19041.4717"/>
    <module path="C:\Windows\System32\win32u.dll" address="0x7fff95420000" size="0x22000" version="10.0.19041.4894"/>
    <module path="C:\Windows\System32\GDI32.dll" address="0x7fff97490000" size="0x2b000" version="10.0.19041.4474"/>
    <module path="C:\Windows\System32\gdi32full.dll" address="0x7fff956a0000" size="0x117000" version="10.0.19041.4717"/>
    <module path="C:\Windows\System32\msvcp_win.dll" address="0x7fff95600000" size="0x9d000" version="10.0.19041.3636"/>
    <module path="C:\Windows\System32\ucrtbase.dll" address="0x7fff95500000" size="0x100000" version="10.0.19041.3636"/>
    <module path="C:\Windows\System32\ADVAPI32.dll" address="0x7fff95d20000" size="0xb0000" version="10.0.19041.4597"/>
    <module path="C:\Windows\System32\msvcrt.dll" address="0x7fff96f00000" size="0x9e000" version="7.0.19041.3636"/>
    <module path="C:\Windows\System32\sechost.dll" address="0x7fff970b0000" size="0xa0000" version="10.0.19041.4597"/>
    <module path="C:\Windows\System32\RPCRT4.dll" address="0x7fff97150000" size="0x123000" version="10.0.19041.4597"/>
    <module path="C:\Windows\System32\bcrypt.dll" address="0x7fff95b10000" size="0x27000" version="10.0.19041.3636"/>
    <module path="C:\Windows\System32\ole32.dll" address="0x7fff97280000" size="0x12b000" version="10.0.19041.4355"/>
    <module path="C:\Windows\System32\combase.dll" address="0x7fff96a20000" size="0x353000" version="10.0.19041.4717"/>
    <module path="C:\Windows\System32\WS2_32.dll" address="0x7fff96e80000" size="0x6b000" version="10.0.19041.3636"/>
    <module path="C:\Windows\System32\SHLWAPI.dll" address="0x7fff97430000" size="0x55000" version="10.0.19041.4355"/>
    <module path="C:\Windows\WinSxS\amd64_microsoft.windows.common-controls_6595b64144ccf1df_6.0.19041.4355_none_60b8b9eb71f62e16\COMCTL32.dll" address="0x7fff8acb0000" size="0x29a000" version="6.10.19041.4355"/>
    <module path="C:\Windows\System32\COMDLG32.dll" address="0x7fff96fd0000" size="0xda000" version="10.0.19041.4355"/>
    <module path="C:\Windows\SYSTEM32\MSVCP140.dll" address="0x7fff83910000" size="0x8d000" version="14.40.33810.0"/>
    <module path="C:\Windows\System32\shcore.dll" address="0x7fff95c70000" size="0xad000" version="10.0.19041.4522"/>
    <module path="C:\Windows\SYSTEM32\OLEACC.dll" address="0x7fff910c0000" size="0x66000" version="7.2.19041.3636"/>
    <module path="C:\Windows\System32\SHELL32.dll" address="0x7fff96250000" size="0x76f000" version="10.0.19041.4894"/>
    <module path="C:\Windows\SYSTEM32\UxTheme.dll" address="0x7fff92c50000" size="0x9e000" version="10.0.19041.4529"/>
    <module path="C:\Windows\System32\OLEAUT32.dll" address="0x7fff96090000" size="0xcd000" version="10.0.19041.3636"/>
    <module path="C:\Windows\SYSTEM32\IPHLPAPI.DLL" address="0x7fff945e0000" size="0x3b000" version="10.0.19041.3636"/>
    <module path="C:\Program Files\xLights\hidapi.dll" address="0x7fff90d00000" size="0x1e000"/>
    <module path="C:\Windows\System32\SETUPAPI.dll" address="0x7fff974c0000" size="0x46e000" version="10.0.19041.4355"/>
    <module path="C:\Windows\System32\cfgmgr32.dll" address="0x7fff957c0000" size="0x4e000" version="10.0.19041.3996"/>
    <module path="C:\Program Files\xLights\avutil-58.dll" address="0x7fff4f3a0000" size="0x124a000" version="58.29.100.0"/>
    <module path="C:\Program Files\xLights\swresample-4.dll" address="0x7fff83270000" size="0xa8000" version="4.12.100.0"/>
    <module path="C:\Program Files\xLights\SDL2.dll" address="0x6c740000" size="0x151000" version="2.0.8.0"/>
    <module path="C:\Windows\System32\IMM32.dll" address="0x7fff96e50000" size="0x2f000" version="10.0.19041.4474"/>
    <module path="C:\Program Files\xLights\swscale-7.dll" address="0x7fff70b80000" size="0xae000" version="7.5.100.0"/>
    <module path="C:\Windows\SYSTEM32\VERSION.dll" address="0x7fff90600000" size="0xa000" version="10.0.19041.3636"/>
    <module path="C:\Windows\SYSTEM32\MSIMG32.dll" address="0x7fff915c0000" size="0x7000" version="10.0.19041.3636"/>
    <module path="C:\Windows\SYSTEM32\OPENGL32.dll" address="0x7fff81f40000" size="0x128000" version="10.0.19041.4842"/>
    <module path="C:\Windows\SYSTEM32\VCRUNTIME140_1.dll" address="0x7fff92850000" size="0xc000" version="14.40.33810.0"/>
    <module path="C:\Windows\SYSTEM32\VCRUNTIME140.dll" address="0x7fff8fee0000" size="0x1e000" version="14.40.33810.0"/>
    <module path="C:\Windows\SYSTEM32\WINSPOOL.DRV" address="0x7fff8cae0000" size="0xa4000" version="10.0.19041.4597"/>
    <module path="C:\Windows\SYSTEM32\WINMM.dll" address="0x7fff8d220000" size="0x27000" version="10.0.19041.3636"/>
    <module path="C:\Windows\SYSTEM32\GLU32.dll" address="0x7fff8dcf0000" size="0x2c000" version="10.0.19041.3636"/>
    <module path="C:\Program Files\xLights\avcodec-60.dll" address="0x7fff420d0000" size="0x5553000" version="60.31.102.0"/>
    <module path="C:\Windows\SYSTEM32\d2d1.dll" address="0x7fff8f390000" size="0x5c0000" version="10.0.19041.4355"/>
    <module path="C:\Windows\SYSTEM32\DWrite.dll" address="0x7fff73460000" size="0x27f000" version="10.0.19041.4355"/>
    <module path="C:\Program Files\xLights\libcurl-x64.dll" address="0x7fff51a70000" size="0x538000" version="7.80.0.0"/>
    <module path="C:\Windows\System32\CRYPT32.dll" address="0x7fff952c0000" size="0x15c000" version="10.0.19041.4894"/>
    <module path="C:\Windows\System32\WLDAP32.dll" address="0x7fff961f0000" size="0x5d000" version="10.0.19041.4474"/>
    <module path="C:\Program Files\xLights\avformat-60.dll" address="0x7fff4e240000" size="0x1151000" version="60.16.100.0"/>
    <module path="C:\Windows\SYSTEM32\ncrypt.dll" address="0x7fff94c60000" size="0x29000" version="10.0.19041.4412"/>
    <module path="C:\Windows\SYSTEM32\CRYPTBASE.DLL" address="0x7fff94b40000" size="0xc000" version="10.0.19041.3636"/>
    <module path="C:\Windows\System32\bcryptPrimitives.dll" address="0x7fff951c0000" size="0x82000" version="10.0.19041.3636"/>
    <module path="C:\Windows\SYSTEM32\NTASN1.dll" address="0x7fff94c20000" size="0x3b000" version="10.0.19041.3636"/>
    <module path="C:\Windows\SYSTEM32\DEVOBJ.dll" address="0x7fff94f50000" size="0x33000" version="10.0.19041.4355"/>
    <module path="C:\Windows\System32\WINTRUST.dll" address="0x7fff95250000" size="0x69000" version="10.0.19041.4780"/>
    <module path="C:\Windows\SYSTEM32\MSASN1.dll" address="0x7fff94d80000" size="0x12000" version="10.0.19041.3636"/>
    <module path="C:\Windows\SYSTEM32\kernel.appcore.dll" address="0x7fff92f30000" size="0x12000" version="10.0.19041.3758"/>
    <module path="C:\Windows\System32\clbcatq.dll" address="0x7fff95dd0000" size="0xa9000" version="2001.12.10941.16384"/>
    <module path="C:\Windows\System32\MMDevApi.dll" address="0x7fff8d450000" size="0x85000" version="10.0.19041.4355"/>
    <module path="C:\Windows\SYSTEM32\DSOUND.DLL" address="0x7fff697e0000" size="0x9c000" version="10.0.19041.4355"/>
    <module path="C:\Windows\SYSTEM32\powrprof.dll" address="0x7fff94700000" size="0x4b000" version="10.0.19041.3636"/>
    <module path="C:\Windows\SYSTEM32\winmmbase.dll" address="0x7fff745e0000" size="0x26000" version="10.0.19041.1"/>
    <module path="C:\Windows\SYSTEM32\UMPDC.dll" address="0x7fff945c0000" size="0x12000"/>
    <module path="C:\Windows\SYSTEM32\wdmaud.drv" address="0x7fff70390000" size="0x46000" version="10.0.19041.4355"/>
    <module path="C:\Windows\SYSTEM32\ksuser.dll" address="0x7fff8a210000" size="0x9000" version="10.0.19041.1"/>
    <module path="C:\Windows\SYSTEM32\AVRT.dll" address="0x7fff8fea0000" size="0xa000" version="10.0.19041.3636"/>
    <module path="C:\Windows\SYSTEM32\AUDIOSES.DLL" address="0x7fff8d950000" size="0x181000" version="10.0.19041.4355"/>
    <module path="C:\Windows\SYSTEM32\msacm32.drv" address="0x7fff8a1d0000" size="0xd000" version="10.0.19041.3636"/>
    <module path="C:\Windows\SYSTEM32\MSACM32.dll" address="0x7fff74700000" size="0x1e000" version="10.0.19041.1"/>
    <module path="C:\Windows\SYSTEM32\midimap.dll" address="0x7fff89cc0000" size="0xb000" version="10.0.19041.3636"/>
    <module path="C:\Windows\SYSTEM32\mfplat.dll" address="0x7fff82990000" size="0x1bc000" version="10.0.19041.4597"/>
    <module path="C:\Windows\SYSTEM32\RTWorkQ.DLL" address="0x7fff8ac70000" size="0x34000" version="10.0.19041.4842"/>
    <module path="C:\Windows\SYSTEM32\mfreadwrite.dll" address="0x7fff6a1b0000" size="0x10a000" version="10.0.19041.3636"/>
    <module path="C:\Windows\SYSTEM32\d3d11.dll" address="0x7fff8ec30000" size="0x263000" version="10.0.19041.4355"/>
    <module path="C:\Windows\SYSTEM32\dxgi.dll" address="0x7fff93a50000" size="0xf6000" version="10.0.19041.4842"/>
    <module path="C:\Windows\System32\MSCTF.dll" address="0x7fff95b40000" size="0x115000" version="10.0.19041.4842"/>
    <module path="C:\Windows\SYSTEM32\textinputframework.dll" address="0x7fff84c00000" size="0xf9000" version="10.0.19041.4651"/>
    <module path="C:\Windows\SYSTEM32\CoreUIComponents.dll" address="0x7fff90610000" size="0x35b000" version="10.0.19041.3636"/>
    <module path="C:\Windows\SYSTEM32\CoreMessaging.dll" address="0x7fff8ff20000" size="0xf2000" version="10.0.19041.4355"/>
    <module path="C:\Windows\SYSTEM32\ntmarta.dll" address="0x7fff94450000" size="0x33000" version="10.0.19041.3636"/>
    <module path="C:\Windows\SYSTEM32\wintypes.dll" address="0x7fff91880000" size="0x157000" version="10.0.19041.4717"/>
    <module path="C:\Windows\SYSTEM32\windows.storage.dll" address="0x7fff93240000" size="0x7a3000" version="10.0.19041.4894"/>
    <module path="C:\Windows\SYSTEM32\Wldp.dll" address="0x7fff94bf0000" size="0x2e000" version="10.0.19041.4780"/>
    <module path="C:\Windows\SYSTEM32\WindowsCodecs.dll" address="0x7fff92970000" size="0x1b6000" version="10.0.19041.4648"/>
    <module path="C:\Windows\SYSTEM32\profapi.dll" address="0x7fff950f0000" size="0x24000" version="10.0.19041.4355"/>
    <module path="C:\Windows\SYSTEM32\TextShaping.dll" address="0x7fff7f790000" size="0xac000"/>
    <module path="C:\Windows\system32\explorerframe.dll" address="0x7fff71020000" size="0x255000" version="10.0.19041.4842"/>
    <module path="C:\Windows\System32\AppXDeploymentClient.dll" address="0x7fff8cc40000" size="0x102000" version="10.0.19041.4717"/>
    <module path="C:\Windows\System32\DriverStore\FileRepository\iigd_dch.inf_amd64_7e4c89172c474331\ig9icd64.dll" address="0x7fff3ff30000" size="0x10a5000" version="30.0.101.3111"/>
    <module path="C:\Windows\system32\dwmapi.dll" address="0x7fff92f50000" size="0x2f000" version="10.0.19041.4355"/>
    <module path="C:\Windows\System32\DriverStore\FileRepository\iigd_dch.inf_amd64_7e4c89172c474331\igdml64.dll" address="0x7fff38f60000" size="0x13c000" version="30.0.101.3111"/>
    <module path="C:\Windows\System32\DriverStore\FileRepository\iigd_dch.inf_amd64_7e4c89172c474331\igdgmm64.dll" address="0x7fff88780000" size="0x409000" version="30.0.101.3111"/>
    <module path="C:\Windows\System32\DriverStore\FileRepository\iigd_dch.inf_amd64_7e4c89172c474331\igc64.dll" address="0x7fff84fe0000" size="0x3794000" version="30.0.101.3111"/>
    <module path="C:\Windows\system32\dataexchange.dll" address="0x7fff7fb50000" size="0x3e000" version="10.0.19041.4355"/>
    <module path="C:\Windows\system32\dcomp.dll" address="0x7fff8fc90000" size="0x1e4000" version="10.0.19041.4597"/>
    <module path="C:\Windows\system32\twinapi.appcore.dll" address="0x7fff8cec0000" size="0x203000" version="10.0.19041.4597"/>
    <module path="C:\Program Files\Common Files\microsoft shared\ink\tiptsf.dll" address="0x7fff831c0000" size="0xa9000" version="10.0.19041.4355"/>
    <module path="C:\Windows\SYSTEM32\WINNSI.DLL" address="0x7fff8d440000" size="0xb000" version="10.0.19041.3636"/>
    <module path="C:\Windows\System32\NSI.dll" address="0x7fff95c60000" size="0x8000" version="10.0.19041.3636"/>
    <module path="C:\Windows\SYSTEM32\dhcpcsvc.DLL" address="0x7fff8ca20000" size="0x1d000" version="10.0.19041.3636"/>
    <module path="C:\Windows\SYSTEM32\DUser.dll" address="0x7fff7b9c0000" size="0x95000" version="10.0.19041.3636"/>
    <module path="C:\Windows\SYSTEM32\atlthunk.dll" address="0x7fff90f00000" size="0xd000" version="10.0.19041.3636"/>
    <module path="C:\Windows\system32\napinsp.dll" address="0x7fff8e7f0000" size="0x17000" version="10.0.19041.3636"/>
    <module path="C:\Windows\system32\pnrpnsp.dll" address="0x7fff8dd30000" size="0x1b000" version="10.0.19041.3636"/>
    <module path="C:\Windows\system32\wshbth.dll" address="0x7fff92250000" size="0x15000" version="10.0.19041.3636"/>
    <module path="C:\Windows\system32\NLAapi.dll" address="0x7fff90ce0000" size="0x1d000" version="10.0.19041.4123"/>
    <module path="C:\Windows\System32\mswsock.dll" address="0x7fff94950000" size="0x6a000" version="10.0.19041.3636"/>
    <module path="C:\Windows\SYSTEM32\DNSAPI.dll" address="0x7fff94620000" size="0xca000" version="10.0.19041.4474"/>
    <module path="C:\Windows\System32\winrnr.dll" address="0x7fff8d650000" size="0x12000" version="10.0.19041.3636"/>
    <module path="C:\Windows\System32\fwpuclnt.dll" address="0x7fff8a2d0000" size="0x80000" version="10.0.19041.4123"/>
    <module path="C:\Windows\System32\rasadhlp.dll" address="0x7fff8a2b0000" size="0xa000" version="10.0.19041.3636"/>
    <module path="C:\Windows\system32\Ninput.dll" address="0x7fff8c240000" size="0x6a000" version="10.0.19041.4355"/>
    <module path="C:\Windows\SYSTEM32\dbghelp.dll" address="0x7fff78fd0000" size="0x1e4000" version="10.0.19041.3636"/>
    <module path="C:\Windows\SYSTEM32\dbgcore.DLL" address="0x7fff78430000" size="0x34000" version="10.0.19041.4355"/>
  </modules>
  <context>
    <exception code="0xc0000094" name="INT_DIVIDE_BY_ZERO" address="0x7ff693cd6ed3"/>
  </context>
  <stack>
    <frame level="0" function="pcre2_get_mark_16" offset="0x7892f3" address="0x7ff693cd6ed3"/>
    <frame level="1" function="pcre2_get_mark_16" offset="0x787d99" address="0x7ff693cd5979"/>
    <frame level="2" function="pcre2_get_mark_16" offset="0xb20ef4" address="0x7ff69406ead4"/>
    <frame level="3" function="pcre2_get_mark_16" offset="0xb15f4f" address="0x7ff694063b2f"/>
    <frame level="4" function="pcre2_get_mark_16" offset="0xb16a9b" address="0x7ff69406467b"/>
    <frame level="5" function="pcre2_get_mark_16" offset="0xb16da1" address="0x7ff694064981"/>
    <frame level="6" function="pcre2_get_mark_16" offset="0xb15e7a" address="0x7ff694063a5a"/>
    <frame level="7" function="pcre2_get_mark_16" offset="0xb16a0a" address="0x7ff6940645ea"/>
    <frame level="8" function="pcre2_get_startchar_16" offset="0x6b9ac" address="0x7ff69412cd7c"/>
    <frame level="9" function="pcre2_get_mark_16" offset="0xadf419" address="0x7ff69402cff9"/>
    <frame level="10" function="pcre2_get_mark_16" offset="0xb16dda" address="0x7ff6940649ba"/>
    <frame level="11" function="pcre2_get_mark_16" offset="0xb15e7a" address="0x7ff694063a5a"/>
    <frame level="12" function="pcre2_get_mark_16" offset="0xb16a0a" address="0x7ff6940645ea"/>
    <frame level="13" function="pcre2_get_mark_16" offset="0xb1645f" address="0x7ff69406403f"/>
    <frame level="14" function="pcre2_get_mark_16" offset="0xb22b17" address="0x7ff6940706f7"/>
    <frame level="15" function="pcre2_get_startchar_16" offset="0x46ca4" address="0x7ff694108074"/>
    <frame level="16" function="pcre2_get_startchar_16" offset="0x46eda" address="0x7ff6941082aa"/>
    <frame level="17" function="pcre2_set_substitute_callout_16" offset="0x5e1bf" address="0x7ff6941f6b4f"/>
    <frame level="18" function="pcre2_get_mark_16" offset="0xa9ad70" address="0x7ff693fe8950"/>
    <frame level="19" function="pcre2_get_mark_16" offset="0xb20ef4" address="0x7ff69406ead4"/>
    <frame level="20" function="pcre2_get_mark_16" offset="0xb15f4f" address="0x7ff694063b2f"/>
    <frame level="21" function="pcre2_get_mark_16" offset="0xb16a9b" address="0x7ff69406467b"/>
    <frame level="22" function="pcre2_get_mark_16" offset="0xb16da1" address="0x7ff694064981"/>
    <frame level="23" function="pcre2_get_mark_16" offset="0xb15e1e" address="0x7ff6940639fe"/>
    <frame level="24" function="pcre2_get_mark_16" offset="0xb15ea9" address="0x7ff694063a89"/>
    <frame level="25" function="pcre2_set_substitute_callout_16" offset="0x1481e" address="0x7ff6941ad1ae"/>
    <frame level="26" function="pcre2_get_mark_16" offset="0xb15ecc" address="0x7ff694063aac"/>
    <frame level="27" function="pcre2_get_mark_16" offset="0xb16a0a" address="0x7ff6940645ea"/>
    <frame level="28" function="pcre2_set_substitute_callout_16" offset="0x832d6" address="0x7ff69421bc66"/>
    <frame level="29" function="pcre2_set_substitute_callout_16" offset="0x1d652b" address="0x7ff69436eebb"/>
    <frame level="30" function="pcre2_set_substitute_callout_16" offset="0x1d6d32" address="0x7ff69436f6c2"/>
    <frame level="31" function="pcre2_set_substitute_callout_16" offset="0x2a4d6" address="0x7ff6941c2e66"/>
    <frame level="32" function="CallWindowProcW" offset="0x60c" address="0x7fff9793ef5c"/>
    <frame level="33" function="DispatchMessageW" offset="0x4a4" address="0x7fff9793e684"/>
    <frame level="34" function="pcre2_set_substitute_callout_16" offset="0x1e7013" address="0x7ff69437f9a3"/>
    <frame level="35" function="pcre2_get_startchar_16" offset="0x46cb3" address="0x7ff694108083"/>
    <frame level="36" function="pcre2_get_startchar_16" offset="0x46eda" address="0x7ff6941082aa"/>
    <frame level="37" function="pcre2_get_mark_16" offset="0xb21d07" address="0x7ff69406f8e7"/>
    <frame level="38" function="pcre2_get_startchar_16" offset="0x40b01" address="0x7ff694101ed1"/>
    <frame level="39" function="pcre2_get_mark_16" offset="0xb40f98" address="0x7ff69408eb78"/>
    <frame level="40" function="pcre2_set_substitute_callout_16" offset="0x33d57a" address="0x7ff6944d5f0a"/>
    <frame level="41" function="BaseThreadInitThunk" offset="0x14" address="0x7fff96d97374"/>
    <frame level="42" function="RtlUserThreadStart" offset="0x21" address="0x7fff97b5cc91"/>
  </stack>
</report>
